YearsExperience,Education,JobRole,OrgSize,Location,Age,Gender,CompTotal,CompFreq,Currency,LanguageHaveWorkedWith
0.0,Some college/university study without earning a degree,"Developer, back-end;Data or business analyst","1,000 to 4,999 employees",Viet Nam,25-34 years old,Man,47000000.0,Monthly,VND	Vietnamese dong,C#;F#;HTML/CSS;JavaScript;Node.js;TypeScript
4.0,"Bachelor’s degree (B.A., B.S., B.Eng., etc.)","Developer, front-end",20 to 99 employees,Viet Nam,25-34 years old,Man,35000000.0,Monthly,VND	Vietnamese dong,JavaScript;Python
7.0,"Bachelor’s degree (B.A., B.S., B.Eng., etc.)","Developer, mobile","10,000 or more employees",Viet Nam,25-34 years old,Man,70000000.0,Monthly,VND	Vietnamese dong,C++;Java;JavaScript;Objective-C;Python;Ruby;Swift;TypeScript
10.0,Some college/university study without earning a degree,"Developer, full-stack",20 to 99 employees,Viet Nam,25-34 years old,Prefer not to say,10000000.0,Monthly,VND	Vietnamese dong,C#;Rust;SQL;TypeScript
13.0,"Bachelor’s degree (B.A., B.S., B.Eng., etc.)","Developer, full-stack;DevOps specialist","1,000 to 4,999 employees",Viet Nam,18-24 years old,Man,12000000.0,Monthly,VND	Vietnamese dong,C#;Java;JavaScript;Kotlin;Node.js;PHP;Rust;SQL;TypeScript
7.0,Some college/university study without earning a degree,"Developer, back-end",100 to 499 employees,Viet Nam,18-24 years old,Man,41000000.0,Monthly,VND	Vietnamese dong,Java
6.0,"Bachelor’s degree (B.A., B.S., B.Eng., etc.)","Developer, front-end;Developer, full-stack;Developer, back-end",500 to 999 employees,Viet Nam,25-34 years old,Man,15000000.0,Monthly,VND	Vietnamese dong,HTML/CSS;JavaScript;PHP;Python;SQL
10.0,"Bachelor’s degree (B.A., B.S., B.Eng., etc.)","Developer, mobile",100 to 499 employees,Viet Nam,25-34 years old,Man,20000000.0,Monthly,VND	Vietnamese dong,Dart;Java;Kotlin
5.0,"Bachelor’s degree (B.A., B.S., B.Eng., etc.)","Developer, back-end;DevOps specialist","10,000 or more employees",Viet Nam,35-44 years old,Man,2300.0,Monthly,EUR European Euro,Go;JavaScript;Node.js;SQL;TypeScript
0.0,"Bachelor’s degree (B.A., B.S., B.Eng., etc.)","Developer, mobile;Data scientist or machine learning specialist;Designer",10 to 19 employees,Viet Nam,18-24 years old,Man,9000000.0,Monthly,VND	Vietnamese dong,C;HTML/CSS;Java;Kotlin;Python
3.0,Some college/university study without earning a degree,"Developer, front-end;Student",20 to 99 employees,Viet Nam,18-24 years old,Man,5000000.0,Monthly,VND	Vietnamese dong,HTML/CSS;JavaScript;Node.js;TypeScript
7.0,"Professional degree (JD, MD, etc.)","Developer, mobile;Developer, back-end",20 to 99 employees,Viet Nam,25-34 years old,Man,2500.0,Monthly,USD	United States dollar,Dart;HTML/CSS;Java;JavaScript;Kotlin;PHP
4.0,"Bachelor’s degree (B.A., B.S., B.Eng., etc.)","Developer, back-end",20 to 99 employees,Viet Nam,18-24 years old,Man,14000000.0,Monthly,VND	Vietnamese dong,HTML/CSS;JavaScript;Node.js;Python
20.0,"Bachelor’s degree (B.A., B.S., B.Eng., etc.)","Developer, front-end;Developer, full-stack;Developer, back-end;Database administrator;DevOps specialist;Engineer, site reliability;System administrator",20 to 99 employees,Viet Nam,25-34 years old,Man,100000000.0,Monthly,VND	Vietnamese dong,Bash/Shell;C;C++;Go;HTML/CSS;Java;JavaScript;PHP;Python;Scala;SQL;TypeScript
4.0,"Bachelor’s degree (B.A., B.S., B.Eng., etc.)","Developer, full-stack;Engineer, data;Data scientist or machine learning specialist;Developer, back-end;Data or business analyst",100 to 499 employees,Viet Nam,25-34 years old,Man,20000000.0,Monthly,VND	Vietnamese dong,Bash/Shell;HTML/CSS;JavaScript;Python;SQL
15.0,"Associate degree (A.A., A.S., etc.)","Developer, full-stack;Data or business analyst;System administrator","5,000 to 9,999 employees",Viet Nam,25-34 years old,Man,25000000.0,Monthly,VND	Vietnamese dong,C#;SQL
10.0,"Bachelor’s degree (B.A., B.S., B.Eng., etc.)","Developer, full-stack;Developer, back-end",100 to 499 employees,Viet Nam,25-34 years old,Man,1000.0,Monthly,USD	United States dollar,Bash/Shell;C;C++;Java;JavaScript;Python
14.0,"Master’s degree (M.A., M.S., M.Eng., MBA, etc.)","Developer, front-end;Developer, full-stack;Developer, back-end",20 to 99 employees,Viet Nam,25-34 years old,Man,0.0,Monthly,USD	United States dollar,C#;C++;Go;HTML/CSS;JavaScript;Node.js;PHP;Python;SQL
5.0,"Bachelor’s degree (B.A., B.S., B.Eng., etc.)","Developer, mobile","1,000 to 4,999 employees",Viet Nam,18-24 years old,Man,15000000.0,Monthly,VND	Vietnamese dong,HTML/CSS;Java;JavaScript;Python;R;SQL;TypeScript
8.0,"Bachelor’s degree (B.A., B.S., B.Eng., etc.)","Developer, mobile",20 to 99 employees,Viet Nam,18-24 years old,Man,27000000.0,Monthly,VND	Vietnamese dong,C;C#;Dart;HTML/CSS;Java;JavaScript;Kotlin;Python;SQL
8.0,"Bachelor’s degree (B.A., B.S., B.Eng., etc.)",Data or business analyst,20 to 99 employees,Viet Nam,25-34 years old,Man,15000000.0,Monthly,VND	Vietnamese dong,Python;VBA
12.0,"Bachelor’s degree (B.A., B.S., B.Eng., etc.)","Developer, embedded applications or devices","1,000 to 4,999 employees",Viet Nam,25-34 years old,Man,630000000.0,Yearly,VND	Vietnamese dong,C;C++;Go;Java;Python;Rust
0.0,"Bachelor’s degree (B.A., B.S., B.Eng., etc.)","Developer, desktop or enterprise applications;Developer, full-stack;Developer, back-end","10,000 or more employees",Viet Nam,25-34 years old,Man,20000000.0,Monthly,VND	Vietnamese dong,C#;HTML/CSS;JavaScript;SQL;TypeScript
6.0,"Bachelor’s degree (B.A., B.S., B.Eng., etc.)","Engineer, data",100 to 499 employees,Viet Nam,18-24 years old,Man,23000000.0,Monthly,VND	Vietnamese dong,Java;Python;Scala
10.0,"Bachelor’s degree (B.A., B.S., B.Eng., etc.)","Developer, full-stack;Data scientist or machine learning specialist;Academic researcher",10 to 19 employees,Viet Nam,18-24 years old,Man,800.0,Weekly,USD	United States dollar,Bash/Shell;C;C++;Groovy;HTML/CSS;Java;JavaScript;Kotlin;Node.js;PHP;Python;SQL;Swift
10.0,"Bachelor’s degree (B.A., B.S., B.Eng., etc.)","Developer, desktop or enterprise applications;Developer, full-stack;Developer, back-end","5,000 to 9,999 employees",Viet Nam,25-34 years old,Man,27000000.0,Monthly,VND	Vietnamese dong,Assembly;C;HTML/CSS;JavaScript;Python;SQL;VBA
4.0,"Bachelor’s degree (B.A., B.S., B.Eng., etc.)","Developer, front-end;Developer, full-stack",20 to 99 employees,Viet Nam,25-34 years old,Man,1800.0,Monthly,USD	United States dollar,JavaScript
4.0,"Bachelor’s degree (B.A., B.S., B.Eng., etc.)","Developer, back-end",20 to 99 employees,Viet Nam,18-24 years old,Man,14000000.0,Monthly,VND	Vietnamese dong,C;Java;JavaScript;Node.js;Python
13.0,"Bachelor’s degree (B.A., B.S., B.Eng., etc.)","Developer, desktop or enterprise applications;Developer, embedded applications or devices",100 to 499 employees,Viet Nam,25-34 years old,Man,1010000000.0,Yearly,VND	Vietnamese dong,C#;C++
10.0,"Bachelor’s degree (B.A., B.S., B.Eng., etc.)","Developer, front-end;Developer, full-stack;Developer, back-end",20 to 99 employees,Viet Nam,18-24 years old,Man,26000000.0,Monthly,VND	Vietnamese dong,Assembly;Bash/Shell;C;C#;C++;HTML/CSS;Java;JavaScript;Matlab;Node.js;PHP;PowerShell;Python;R;Ruby;Scala;SQL;TypeScript
4.0,"Bachelor’s degree (B.A., B.S., B.Eng., etc.)","Developer, embedded applications or devices",20 to 99 employees,Viet Nam,18-24 years old,Man,20000000.0,Monthly,VND	Vietnamese dong,Assembly;C;C++;Matlab;Python
5.0,"Bachelor’s degree (B.A., B.S., B.Eng., etc.)","Developer, full-stack",10 to 19 employees,Viet Nam,18-24 years old,Man,7745000.0,Monthly,VND	Vietnamese dong,HTML/CSS;Java;Kotlin;Node.js
6.0,"Bachelor’s degree (B.A., B.S., B.Eng., etc.)",Data scientist or machine learning specialist,20 to 99 employees,Viet Nam,18-24 years old,Man,10000000.0,Monthly,VND	Vietnamese dong,Python
4.0,"Bachelor’s degree (B.A., B.S., B.Eng., etc.)","Developer, front-end;Developer, full-stack;Developer, back-end",20 to 99 employees,Viet Nam,18-24 years old,Man,13000000.0,Monthly,VND	Vietnamese dong,Dart;HTML/CSS;JavaScript;Node.js;TypeScript
3.0,Some college/university study without earning a degree,"Developer, front-end;Developer, full-stack;Developer, back-end",20 to 99 employees,Viet Nam,25-34 years old,Woman,17000000.0,Monthly,VND	Vietnamese dong,JavaScript;Node.js;SQL;TypeScript
10.0,"Master’s degree (M.A., M.S., M.Eng., MBA, etc.)","Developer, mobile;Developer, embedded applications or devices;Product manager","1,000 to 4,999 employees",Viet Nam,35-44 years old,Man,47000000.0,Monthly,VND	Vietnamese dong,C;C++;Java
4.0,"Bachelor’s degree (B.A., B.S., B.Eng., etc.)","Developer, front-end;Developer, full-stack;Developer, back-end;Student",10 to 19 employees,Viet Nam,25-34 years old,Man,20000000.0,Monthly,VND	Vietnamese dong,C#;HTML/CSS;Java;JavaScript;SQL;TypeScript
7.0,"Bachelor’s degree (B.A., B.S., B.Eng., etc.)","Developer, front-end;Data or business analyst;System administrator","10,000 or more employees",Viet Nam,25-34 years old,Man,18000000.0,Monthly,VND	Vietnamese dong,C#;HTML/CSS;JavaScript;Node.js;PHP;SQL;TypeScript
8.0,"Bachelor’s degree (B.A., B.S., B.Eng., etc.)","Developer, mobile;Developer, full-stack;Engineer, data;Developer, back-end",20 to 99 employees,Viet Nam,25-34 years old,Man,40000000.0,Monthly,VND	Vietnamese dong,Bash/Shell;Go;HTML/CSS;JavaScript;Node.js;Objective-C;PHP;Python;SQL;Swift;TypeScript
15.0,"Bachelor’s degree (B.A., B.S., B.Eng., etc.)","Developer, mobile;Developer, front-end;Developer, desktop or enterprise applications;Developer, full-stack;Developer, back-end;Product manager",10 to 19 employees,Viet Nam,25-34 years old,Man,54000000.0,Monthly,VND	Vietnamese dong,C#;HTML/CSS;Java;JavaScript;Node.js;PowerShell;Python;SQL
7.0,"Bachelor’s degree (B.A., B.S., B.Eng., etc.)","Developer, back-end","1,000 to 4,999 employees",Viet Nam,25-34 years old,Man,20.0,Monthly,VND	Vietnamese dong,C#;HTML/CSS;JavaScript;Node.js;SQL;TypeScript
5.0,"Bachelor’s degree (B.A., B.S., B.Eng., etc.)","Developer, front-end",100 to 499 employees,Viet Nam,25-34 years old,Man,25000000.0,Monthly,VND	Vietnamese dong,HTML/CSS;JavaScript;TypeScript
2.0,Some college/university study without earning a degree,"Developer, back-end",20 to 99 employees,Viet Nam,25-34 years old,Man,35000000.0,Monthly,VND	Vietnamese dong,C++;Go;JavaScript;Node.js;PHP;Python;Rust;SQL
1.0,"Bachelor’s degree (B.A., B.S., B.Eng., etc.)","Developer, back-end;Student;DevOps specialist",20 to 99 employees,Viet Nam,18-24 years old,Man,5000000.0,Monthly,VND	Vietnamese dong,HTML/CSS;JavaScript;Node.js;PHP;SQL
0.0,Some college/university study without earning a degree,"Developer, front-end",100 to 499 employees,Viet Nam,18-24 years old,Man,7000000.0,Monthly,VND	Vietnamese dong,HTML/CSS;JavaScript;TypeScript
4.0,"Bachelor’s degree (B.A., B.S., B.Eng., etc.)","Developer, front-end",500 to 999 employees,Viet Nam,25-34 years old,Man,51000000.0,Monthly,VND	Vietnamese dong,HTML/CSS;JavaScript;Node.js;TypeScript
6.0,"Bachelor’s degree (B.A., B.S., B.Eng., etc.)","Developer, mobile",20 to 99 employees,Viet Nam,25-34 years old,Man,27000000.0,Monthly,VND	Vietnamese dong,Dart;Go;Kotlin
8.0,"Bachelor’s degree (B.A., B.S., B.Eng., etc.)","Developer, desktop or enterprise applications;Developer, full-stack",100 to 499 employees,Viet Nam,25-34 years old,Man,410000000.0,Yearly,VND	Vietnamese dong,C#;F#;JavaScript;Node.js;SQL;TypeScript
13.0,"Associate degree (A.A., A.S., etc.)","Developer, front-end;Developer, desktop or enterprise applications;Developer, full-stack;Developer, back-end",20 to 99 employees,Viet Nam,35-44 years old,Man,25000000.0,Monthly,VND	Vietnamese dong,C#;Delphi;Go;HTML/CSS;PHP
10.0,"Bachelor’s degree (B.A., B.S., B.Eng., etc.)","Developer, full-stack",20 to 99 employees,Viet Nam,25-34 years old,Man,20000000.0,Monthly,VND	Vietnamese dong,C;C#;C++;HTML/CSS;Java;JavaScript;Node.js
4.0,"Master’s degree (M.A., M.S., M.Eng., MBA, etc.)","Academic researcher;Scientist;Student;Developer, QA or test",100 to 499 employees,Viet Nam,25-34 years old,Man,32000000.0,Monthly,VND	Vietnamese dong,Java;SQL
3.0,"Associate degree (A.A., A.S., etc.)","Developer, full-stack",20 to 99 employees,Viet Nam,18-24 years old,Man,10000000.0,Monthly,VND	Vietnamese dong,Bash/Shell;C#;C++;HTML/CSS;JavaScript;Node.js;PowerShell;SQL;TypeScript
5.0,"Bachelor’s degree (B.A., B.S., B.Eng., etc.)","Developer, mobile;Developer, front-end;Developer, game or graphics",100 to 499 employees,Viet Nam,25-34 years old,Man,20000000.0,Monthly,VND	Vietnamese dong,JavaScript;Node.js;TypeScript
13.0,"Bachelor’s degree (B.A., B.S., B.Eng., etc.)","Developer, mobile",100 to 499 employees,Viet Nam,25-34 years old,Man,1500.0,Monthly,USD	United States dollar,C;C++;Objective-C;Swift
20.0,"Master’s degree (M.A., M.S., M.Eng., MBA, etc.)","Developer, mobile;Developer, front-end;Developer, desktop or enterprise applications;Developer, full-stack;Developer, back-end;Database administrator;Data or business analyst;System administrator;Product manager",20 to 99 employees,Viet Nam,35-44 years old,Man,45000000.0,Monthly,VND	Vietnamese dong,C#;HTML/CSS;JavaScript;Node.js;PHP;SQL
5.0,"Bachelor’s degree (B.A., B.S., B.Eng., etc.)","Developer, front-end;Developer, back-end","1,000 to 4,999 employees",Viet Nam,18-24 years old,Man,9000000.0,Monthly,VND	Vietnamese dong,C;C#;C++;HTML/CSS;JavaScript;Node.js;R;SQL;Swift
7.0,"Bachelor’s degree (B.A., B.S., B.Eng., etc.)","Developer, mobile",100 to 499 employees,Viet Nam,25-34 years old,Man,24000000.0,Monthly,VND	Vietnamese dong,Dart;Swift
8.0,"Bachelor’s degree (B.A., B.S., B.Eng., etc.)","Developer, full-stack",20 to 99 employees,Viet Nam,25-34 years old,Man,1400.0,Monthly,USD	United States dollar,Bash/Shell;Java;JavaScript;Node.js;PHP;SQL;TypeScript
6.0,Some college/university study without earning a degree,"Developer, mobile",100 to 499 employees,Viet Nam,18-24 years old,Man,570.0,Monthly,USD	United States dollar,Java
7.0,"Master’s degree (M.A., M.S., M.Eng., MBA, etc.)","Developer, full-stack;Engineering manager","5,000 to 9,999 employees",Viet Nam,25-34 years old,Man,1500000000.0,Yearly,VND	Vietnamese dong,Bash/Shell;HTML/CSS;JavaScript;Node.js;PowerShell;Python;SQL
4.0,"Bachelor’s degree (B.A., B.S., B.Eng., etc.)","Developer, mobile;Developer, front-end;Developer, full-stack;Developer, back-end","1,000 to 4,999 employees",Viet Nam,25-34 years old,Man,30000000.0,Monthly,VND	Vietnamese dong,HTML/CSS;Java;JavaScript
19.0,"Bachelor’s degree (B.A., B.S., B.Eng., etc.)","Engineering manager;Product manager;Senior Executive (C-Suite, VP, etc.)",20 to 99 employees,Viet Nam,35-44 years old,Man,90000000.0,Monthly,VND	Vietnamese dong,Elixir;Erlang;HTML/CSS;JavaScript;SQL
10.0,"Associate degree (A.A., A.S., etc.)","Developer, full-stack;Developer, back-end;Database administrator;Developer, QA or test",100 to 499 employees,Viet Nam,25-34 years old,Man,5000000.0,Monthly,VND	Vietnamese dong,Go;JavaScript;SQL
5.0,Some college/university study without earning a degree,"Developer, full-stack",20 to 99 employees,Viet Nam,18-24 years old,Man,10000000.0,Monthly,VND	Vietnamese dong,HTML/CSS;Java;JavaScript;Node.js;PHP;Python;SQL;VBA
10.0,"Bachelor’s degree (B.A., B.S., B.Eng., etc.)","Developer, front-end;Developer, full-stack","5,000 to 9,999 employees",Viet Nam,25-34 years old,Man,320000000.0,Yearly,VND	Vietnamese dong,C;C#;C++;HTML/CSS;Java;JavaScript;Matlab;Node.js;PHP;Python;SQL;TypeScript
4.0,"Bachelor’s degree (B.A., B.S., B.Eng., etc.)","Developer, back-end",20 to 99 employees,Viet Nam,25-34 years old,Man,40000000.0,Monthly,VND	Vietnamese dong,Elixir
6.0,"Bachelor’s degree (B.A., B.S., B.Eng., etc.)","Engineer, data;Data scientist or machine learning specialist;Developer, back-end;Data or business analyst",20 to 99 employees,Viet Nam,25-34 years old,Man,8000000.0,Monthly,VND	Vietnamese dong,Bash/Shell;C#;HTML/CSS;JavaScript;Node.js;PHP;Python;SQL;TypeScript
3.0,Some college/university study without earning a degree,"Engineer, data;Data scientist or machine learning specialist",100 to 499 employees,Viet Nam,18-24 years old,Man,16500000.0,Monthly,VND	Vietnamese dong,Python
16.0,"Bachelor’s degree (B.A., B.S., B.Eng., etc.)","Developer, mobile;Developer, full-stack;Developer, back-end;Database administrator",20 to 99 employees,Viet Nam,25-34 years old,Man,50000000.0,Monthly,VND	Vietnamese dong,Go;JavaScript;Node.js
2.0,"Bachelor’s degree (B.A., B.S., B.Eng., etc.)","Developer, back-end",100 to 499 employees,Viet Nam,25-34 years old,Man,13000000.0,Monthly,VND	Vietnamese dong,JavaScript;Python;SQL
6.0,"Bachelor’s degree (B.A., B.S., B.Eng., etc.)","Developer, full-stack","1,000 to 4,999 employees",Viet Nam,18-24 years old,Man,13000000.0,Monthly,VND	Vietnamese dong,HTML/CSS;JavaScript;Python;SQL
1.0,Some college/university study without earning a degree,"Developer, front-end",10 to 19 employees,Viet Nam,18-24 years old,Man,8000000.0,Monthly,VND	Vietnamese dong,Dart;HTML/CSS;JavaScript
10.0,"Bachelor’s degree (B.A., B.S., B.Eng., etc.)","Developer, desktop or enterprise applications;Engineer, data;Data scientist or machine learning specialist",100 to 499 employees,Viet Nam,18-24 years old,Man,15000000.0,Monthly,VND	Vietnamese dong,Bash/Shell;Groovy;HTML/CSS;Java;JavaScript;Python;SQL
10.0,Some college/university study without earning a degree,"Developer, front-end;Developer, full-stack;Developer, back-end;DevOps specialist",500 to 999 employees,Viet Nam,25-34 years old,Man,100000000.0,Monthly,VND	Vietnamese dong,JavaScript;PHP;Python;Ruby
3.0,Some college/university study without earning a degree,"Developer, front-end;Developer, full-stack;Student","10,000 or more employees",Viet Nam,18-24 years old,Man,12500000.0,Monthly,VND	Vietnamese dong,HTML/CSS;Java;JavaScript;SQL;TypeScript
11.0,"Other doctoral degree (Ph.D., Ed.D., etc.)","Engineer, data;Data scientist or machine learning specialist;Developer, back-end;Academic researcher;Educator",500 to 999 employees,Viet Nam,25-34 years old,Man,55000000.0,,VND	Vietnamese dong,C;C#;C++;Java;JavaScript;Node.js;PHP;Python;SQL
3.0,Some college/university study without earning a degree,"Developer, full-stack",20 to 99 employees,Viet Nam,18-24 years old,Man,2000.0,Monthly,USD	United States dollar,Bash/Shell;C#;Node.js;PowerShell;Python;TypeScript
5.0,"Bachelor’s degree (B.A., B.S., B.Eng., etc.)","Developer, mobile",20 to 99 employees,Viet Nam,25-34 years old,Man,21000000.0,Monthly,VND	Vietnamese dong,Dart;Java;Kotlin;Swift
5.0,Some college/university study without earning a degree,"Developer, back-end;Database administrator;Developer, QA or test;System administrator",100 to 499 employees,Viet Nam,18-24 years old,Man,16000000.0,Monthly,VND	Vietnamese dong,C#;HTML/CSS;Java;PowerShell;Python;SQL
8.0,"Bachelor’s degree (B.A., B.S., B.Eng., etc.)","Developer, full-stack",20 to 99 employees,Viet Nam,18-24 years old,Man,30000000.0,Monthly,VND	Vietnamese dong,Java;JavaScript
10.0,Some college/university study without earning a degree,"Developer, full-stack;Developer, back-end","10,000 or more employees",Viet Nam,18-24 years old,Man,11000000.0,Monthly,VND	Vietnamese dong,C#;C++;COBOL;Java;JavaScript;SQL
4.0,"Bachelor’s degree (B.A., B.S., B.Eng., etc.)","Engineer, data;Data scientist or machine learning specialist;Data or business analyst",100 to 499 employees,Viet Nam,18-24 years old,Man,10000000.0,Monthly,VND	Vietnamese dong,HTML/CSS;Java;JavaScript;Node.js;PHP;Python
6.0,Some college/university study without earning a degree,"Developer, front-end",100 to 499 employees,Viet Nam,25-34 years old,Man,30000000.0,Monthly,VND	Vietnamese dong,HTML/CSS;JavaScript;TypeScript
4.0,Some college/university study without earning a degree,"Developer, front-end;Developer, full-stack",500 to 999 employees,Viet Nam,18-24 years old,Man,10000000.0,Monthly,VND	Vietnamese dong,HTML/CSS;JavaScript;Node.js;Python
8.0,"Associate degree (A.A., A.S., etc.)","Developer, mobile;Developer, front-end;Developer, embedded applications or devices",20 to 99 employees,Viet Nam,18-24 years old,Man,20000000.0,Monthly,VND	Vietnamese dong,Java;JavaScript;Kotlin
5.0,"Bachelor’s degree (B.A., B.S., B.Eng., etc.)",Other (please specify):;Academic researcher,500 to 999 employees,Viet Nam,18-24 years old,Man,20000000.0,Monthly,VND	Vietnamese dong,Assembly;C;C++;Go;JavaScript;Kotlin;Objective-C;Python
7.0,"Bachelor’s degree (B.A., B.S., B.Eng., etc.)","Developer, full-stack",100 to 499 employees,Viet Nam,25-34 years old,Woman,30000000.0,Monthly,VND	Vietnamese dong,HTML/CSS;JavaScript;PHP;TypeScript
5.0,"Bachelor’s degree (B.A., B.S., B.Eng., etc.)","Engineer, data;Developer, back-end;Student",100 to 499 employees,Viet Nam,18-24 years old,Man,20000000.0,Monthly,VND	Vietnamese dong,Bash/Shell;Python
14.0,Some college/university study without earning a degree,"Engineer, data","1,000 to 4,999 employees",Viet Nam,25-34 years old,Man,17564718.0,Monthly,VND	Vietnamese dong,Bash/Shell;Groovy;HTML/CSS;Java;JavaScript;Node.js;Python;SQL;TypeScript;VBA
5.0,"Bachelor’s degree (B.A., B.S., B.Eng., etc.)","Developer, front-end;Developer, back-end",10 to 19 employees,Viet Nam,25-34 years old,Man,5000000.0,Monthly,VND	Vietnamese dong,Python
11.0,Some college/university study without earning a degree,"Developer, full-stack;Developer, back-end",20 to 99 employees,Viet Nam,25-34 years old,Man,45000000.0,Monthly,VND	Vietnamese dong,Bash/Shell;Go;HTML/CSS;JavaScript;Node.js;SQL;TypeScript
15.0,"Bachelor’s degree (B.A., B.S., B.Eng., etc.)","Developer, front-end;Developer, full-stack;Engineering manager",100 to 499 employees,Viet Nam,25-34 years old,Man,3500.0,Monthly,USD	United States dollar,Dart;HTML/CSS;Java;JavaScript;Node.js;Objective-C;PHP;SQL;TypeScript
6.0,"Associate degree (A.A., A.S., etc.)","Developer, front-end",10 to 19 employees,Viet Nam,18-24 years old,Man,14000000.0,Monthly,VND	Vietnamese dong,HTML/CSS;JavaScript;Node.js;PHP
7.0,"Bachelor’s degree (B.A., B.S., B.Eng., etc.)","Developer, full-stack",500 to 999 employees,Viet Nam,25-34 years old,Man,23000000.0,Monthly,VND	Vietnamese dong,C#;JavaScript
3.0,"Master’s degree (M.A., M.S., M.Eng., MBA, etc.)","Developer, front-end;Student",20 to 99 employees,Viet Nam,18-24 years old,Man,5000000.0,Monthly,VND	Vietnamese dong,Dart;Java;JavaScript;Node.js;TypeScript
10.0,"Bachelor’s degree (B.A., B.S., B.Eng., etc.)","Developer, mobile;Developer, front-end",20 to 99 employees,Viet Nam,25-34 years old,Man,30000000.0,Monthly,VND	Vietnamese dong,Java;JavaScript;Kotlin;Node.js;TypeScript
5.0,"Bachelor’s degree (B.A., B.S., B.Eng., etc.)","Developer, mobile;Developer, back-end;Student",20 to 99 employees,Viet Nam,18-24 years old,Man,12000000.0,Monthly,VND	Vietnamese dong,Java;SQL
8.0,Some college/university study without earning a degree,"Developer, mobile;Developer, front-end;Developer, desktop or enterprise applications;Developer, embedded applications or devices",20 to 99 employees,Viet Nam,25-34 years old,Man,88000000.0,Monthly,VND	Vietnamese dong,Bash/Shell;Java;Kotlin;Ruby
6.0,"Bachelor’s degree (B.A., B.S., B.Eng., etc.)","Developer, mobile;Developer, front-end;Developer, full-stack;Developer, back-end;Designer",20 to 99 employees,Viet Nam,25-34 years old,Man,400.0,Monthly,VND	Vietnamese dong,Java;JavaScript
9.0,"Bachelor’s degree (B.A., B.S., B.Eng., etc.)","Developer, front-end",100 to 499 employees,Viet Nam,25-34 years old,Man,20000000.0,Monthly,VND	Vietnamese dong,C;C#;HTML/CSS;JavaScript;PHP
11.0,"Bachelor’s degree (B.A., B.S., B.Eng., etc.)","Developer, full-stack",20 to 99 employees,Viet Nam,25-34 years old,Man,33000000.0,Monthly,VND	Vietnamese dong,HTML/CSS;JavaScript;Node.js;TypeScript
5.0,"Bachelor’s degree (B.A., B.S., B.Eng., etc.)","Developer, mobile",100 to 499 employees,Viet Nam,18-24 years old,Man,8000000.0,Monthly,VND	Vietnamese dong,C;C#;C++;HTML/CSS;Java;JavaScript;SQL;Swift
12.0,"Master’s degree (M.A., M.S., M.Eng., MBA, etc.)","Developer, mobile;Developer, front-end;Developer, desktop or enterprise applications;Developer, full-stack;Developer, back-end",20 to 99 employees,Viet Nam,25-34 years old,Man,30000000.0,Monthly,VND	Vietnamese dong,C#;C++;HTML/CSS;Java;JavaScript;Node.js;SQL
7.0,"Bachelor’s degree (B.A., B.S., B.Eng., etc.)","Developer, desktop or enterprise applications;Developer, back-end","5,000 to 9,999 employees",Viet Nam,25-34 years old,Man,20000000.0,Monthly,VND	Vietnamese dong,C++;HTML/CSS;Java;JavaScript;Kotlin;Python;SQL;TypeScript
10.0,Primary/elementary school,"Developer, mobile;Developer, front-end;Developer, full-stack;Developer, back-end;Database administrator;Developer, QA or test;Data or business analyst;System administrator;Product manager",10 to 19 employees,Viet Nam,25-34 years old,Man,200000000.0,Yearly,VND	Vietnamese dong,C#;HTML/CSS;JavaScript;PHP;Swift
7.0,"Bachelor’s degree (B.A., B.S., B.Eng., etc.)","Developer, mobile;Developer, front-end;Student;Educator",10 to 19 employees,Viet Nam,25-34 years old,Man,20000000.0,Monthly,VND	Vietnamese dong,Objective-C;Swift
11.0,Some college/university study without earning a degree,"Developer, back-end;DevOps specialist;Engineering manager",100 to 499 employees,Viet Nam,25-34 years old,Man,78000000.0,Monthly,VND	Vietnamese dong,Go;HTML/CSS;Java;JavaScript;PHP;SQL
0.0,Some college/university study without earning a degree,"Developer, back-end",20 to 99 employees,Viet Nam,25-34 years old,Man,1250000.0,Weekly,VND	Vietnamese dong,HTML/CSS;JavaScript;PHP;SQL;TypeScript
12.0,"Master’s degree (M.A., M.S., M.Eng., MBA, etc.)","Developer, full-stack",20 to 99 employees,Viet Nam,25-34 years old,Man,57800000.0,Monthly,VND	Vietnamese dong,C#;Dart;HTML/CSS;JavaScript;Kotlin;Node.js;PHP;SQL
7.0,"Bachelor’s degree (B.A., B.S., B.Eng., etc.)","Developer, full-stack",100 to 499 employees,Viet Nam,18-24 years old,Man,35000000.0,Monthly,VND	Vietnamese dong,C;C#;C++;HTML/CSS;Java;JavaScript;Python;SQL;TypeScript
4.0,"Bachelor’s degree (B.A., B.S., B.Eng., etc.)","Developer, mobile","1,000 to 4,999 employees",Viet Nam,18-24 years old,Man,9500000.0,Monthly,VND	Vietnamese dong,C;Java;Kotlin;Node.js;Swift
0.0,Some college/university study without earning a degree,"Developer, back-end;Student",20 to 99 employees,Viet Nam,25-34 years old,Man,21000000.0,Monthly,VND	Vietnamese dong,Go;Python;SQL
9.0,"Bachelor’s degree (B.A., B.S., B.Eng., etc.)","Developer, front-end",100 to 499 employees,Viet Nam,25-34 years old,Man,50000000.0,Monthly,VND	Vietnamese dong,C#;JavaScript;Node.js;TypeScript
12.0,Some college/university study without earning a degree,"Developer, desktop or enterprise applications;Developer, full-stack;Developer, back-end;Database administrator;Data or business analyst;Designer;System administrator",10 to 19 employees,Viet Nam,25-34 years old,Man,25000000.0,Monthly,VND	Vietnamese dong,C#;Crystal;HTML/CSS;JavaScript;Python;SQL
13.0,"Bachelor’s degree (B.A., B.S., B.Eng., etc.)","DevOps specialist;Engineer, site reliability","1,000 to 4,999 employees",Viet Nam,25-34 years old,Man,1900.0,Monthly,USD	United States dollar,Bash/Shell;PowerShell;SQL
5.0,"Bachelor’s degree (B.A., B.S., B.Eng., etc.)","Developer, full-stack;Developer, back-end",500 to 999 employees,Viet Nam,25-34 years old,Man,40000000.0,Monthly,VND	Vietnamese dong,C#;HTML/CSS;JavaScript;PowerShell;SQL
3.0,Some college/university study without earning a degree,"Developer, front-end;Developer, back-end",100 to 499 employees,Viet Nam,18-24 years old,Man,1000.0,Yearly,USD	United States dollar,Java;Node.js;Scala
4.0,"Bachelor’s degree (B.A., B.S., B.Eng., etc.)","Developer, mobile;Developer, front-end",20 to 99 employees,Viet Nam,18-24 years old,Man,16000000.0,Monthly,VND	Vietnamese dong,Bash/Shell;HTML/CSS;JavaScript;TypeScript
15.0,Some college/university study without earning a degree,"Developer, full-stack","1,000 to 4,999 employees",Viet Nam,25-34 years old,Man,47000000.0,Monthly,VND	Vietnamese dong,Bash/Shell;C#;HTML/CSS;JavaScript;Kotlin;SQL;TypeScript
8.0,"Bachelor’s degree (B.A., B.S., B.Eng., etc.)","Developer, desktop or enterprise applications;Developer, full-stack;Developer, back-end;Product manager",20 to 99 employees,Viet Nam,25-34 years old,Man,420000000.0,Yearly,VND	Vietnamese dong,C#;HTML/CSS;JavaScript;Python;SQL;TypeScript
6.0,"Bachelor’s degree (B.A., B.S., B.Eng., etc.)","Developer, front-end;Developer, desktop or enterprise applications;Developer, full-stack;Developer, back-end;Academic researcher;Developer, embedded applications or devices;Data or business analyst;Designer;System administrator","10,000 or more employees",Viet Nam,25-34 years old,Man,500000000.0,Monthly,VND	Vietnamese dong,C#;HTML/CSS;JavaScript;SQL
5.0,"Bachelor’s degree (B.A., B.S., B.Eng., etc.)","Developer, full-stack;Developer, back-end",100 to 499 employees,Viet Nam,18-24 years old,Man,17000000.0,Monthly,VND	Vietnamese dong,Bash/Shell;HTML/CSS;JavaScript;Node.js;Python;SQL;TypeScript
13.0,"Bachelor’s degree (B.A., B.S., B.Eng., etc.)","Developer, mobile;Developer, desktop or enterprise applications;Developer, full-stack;Developer, back-end;Developer, game or graphics;Product manager",20 to 99 employees,Viet Nam,25-34 years old,Man,80000000.0,Monthly,VND	Vietnamese dong,Java;JavaScript;Node.js;PHP;Python;SQL
9.0,"Bachelor’s degree (B.A., B.S., B.Eng., etc.)","Developer, back-end","1,000 to 4,999 employees",Viet Nam,18-24 years old,Man,23000000.0,Monthly,VND	Vietnamese dong,C++;Java;Python
8.0,"Bachelor’s degree (B.A., B.S., B.Eng., etc.)","Developer, full-stack",100 to 499 employees,Viet Nam,18-24 years old,Man,12000000.0,Monthly,VND	Vietnamese dong,C#;C++;HTML/CSS;Java;JavaScript;PHP;Ruby;SQL;TypeScript
4.0,"Bachelor’s degree (B.A., B.S., B.Eng., etc.)","Developer, mobile","1,000 to 4,999 employees",Viet Nam,18-24 years old,Man,14000000.0,Monthly,VND	Vietnamese dong,Dart;Java;Kotlin
5.0,"Bachelor’s degree (B.A., B.S., B.Eng., etc.)","Developer, back-end",20 to 99 employees,Viet Nam,25-34 years old,Man,40000000.0,Monthly,VND	Vietnamese dong,JavaScript;Python;SQL;TypeScript
3.0,Some college/university study without earning a degree,"Developer, back-end",20 to 99 employees,Viet Nam,18-24 years old,Man,17000000.0,Monthly,VND	Vietnamese dong,JavaScript;TypeScript
7.0,"Bachelor’s degree (B.A., B.S., B.Eng., etc.)","Developer, front-end;Developer, full-stack;Developer, back-end",100 to 499 employees,Viet Nam,25-34 years old,Man,50000000.0,Monthly,VND	Vietnamese dong,Bash/Shell;Go;JavaScript;Python;Scala;SQL
12.0,"Bachelor’s degree (B.A., B.S., B.Eng., etc.)","Developer, full-stack",500 to 999 employees,Viet Nam,25-34 years old,Man,28000000.0,Monthly,VND	Vietnamese dong,Java
7.0,"Associate degree (A.A., A.S., etc.)","Developer, front-end","1,000 to 4,999 employees",Viet Nam,25-34 years old,Man,8000000.0,Monthly,VND	Vietnamese dong,Bash/Shell;C;C++;Go;HTML/CSS;Java;JavaScript;Kotlin;Lua;MATLAB;Python;SQL;TypeScript
4.0,"Bachelor’s degree (B.A., B.S., B.Eng., etc.)","Developer, full-stack",20 to 99 employees,Viet Nam,18-24 years old,Man,18000000.0,Monthly,VND	Vietnamese dong,JavaScript;PHP;Python;TypeScript
3.0,Something else,"Developer, front-end",20 to 99 employees,Viet Nam,25-34 years old,Man,1000.0,Monthly,AED United Arab Emirates dirham,HTML/CSS;JavaScript
5.0,Some college/university study without earning a degree,"Developer, front-end;Developer, full-stack;Developer, back-end;Developer, desktop or enterprise applications;Developer, QA or test;Developer, mobile;Developer, embedded applications or devices;Developer, game or graphics",20 to 99 employees,Viet Nam,25-34 years old,Man,26000000.0,Monthly,VND	Vietnamese dong,C#
5.0,"Bachelor’s degree (B.A., B.S., B.Eng., etc.)","Developer, back-end",20 to 99 employees,Viet Nam,25-34 years old,Man,12000000.0,Monthly,VND	Vietnamese dong,HTML/CSS;Java;JavaScript;Python;SQL
7.0,"Bachelor’s degree (B.A., B.S., B.Eng., etc.)","Developer, back-end","1,000 to 4,999 employees",Viet Nam,25-34 years old,Man,17500000.0,Monthly,VND	Vietnamese dong,JavaScript;SQL
11.0,"Secondary school (e.g. American high school, German Realschule or Gymnasium, etc.)","Developer, front-end;Developer, full-stack;Developer, mobile;Developer, game or graphics",20 to 99 employees,Viet Nam,25-34 years old,Man,551612205.0,Yearly,VND	Vietnamese dong,JavaScript;PowerShell;TypeScript
20.0,"Bachelor’s degree (B.A., B.S., B.Eng., etc.)","Engineer, site reliability;Developer, full-stack",20 to 99 employees,Viet Nam,35-44 years old,Man,190000.0,Yearly,USD	United States dollar,Elixir;HTML/CSS;JavaScript;Kotlin;Ruby;Rust;SQL;TypeScript
1.0,"Bachelor’s degree (B.A., B.S., B.Eng., etc.)","Developer, full-stack",20 to 99 employees,Viet Nam,18-24 years old,Man,5000.0,Monthly,VND	Vietnamese dong,C;JavaScript;TypeScript
12.0,"Associate degree (A.A., A.S., etc.)","Developer, full-stack",10 to 19 employees,Viet Nam,25-34 years old,Man,35000000.0,Monthly,VND	Vietnamese dong,C#;HTML/CSS;JavaScript;SQL
7.0,"Bachelor’s degree (B.A., B.S., B.Eng., etc.)","Developer, front-end;Developer, full-stack;Developer, back-end;Developer, mobile",20 to 99 employees,Viet Nam,25-34 years old,Man,53000000.0,Monthly,VND	Vietnamese dong,Dart;HTML/CSS;Java;JavaScript;SQL;TypeScript
5.0,Some college/university study without earning a degree,Security professional,"1,000 to 4,999 employees",Viet Nam,18-24 years old,Prefer not to say,700.0,Monthly,USD	United States dollar,Assembly;C#;C++;JavaScript
6.0,Some college/university study without earning a degree,"Developer, front-end;Developer, full-stack;Developer, back-end",100 to 499 employees,Viet Nam,25-34 years old,Man,2500.0,Monthly,USD	United States dollar,HTML/CSS;JavaScript;TypeScript
3.0,Some college/university study without earning a degree,"Developer, front-end;Developer, full-stack;Developer, back-end",20 to 99 employees,Viet Nam,18-24 years old,Man,11000000.0,Monthly,VND	Vietnamese dong,HTML/CSS;JavaScript;PHP
4.0,"Bachelor’s degree (B.A., B.S., B.Eng., etc.)","Developer, front-end;Developer, full-stack;Developer, back-end;Blockchain",20 to 99 employees,Viet Nam,18-24 years old,Man,21000000.0,Monthly,VND	Vietnamese dong,Bash/Shell;C++;Dart;Elixir;Go;Haskell;HTML/CSS;Java;JavaScript;Lua;PHP;Python;Rust;SQL;TypeScript
5.0,"Bachelor’s degree (B.A., B.S., B.Eng., etc.)","Developer, full-stack","5,000 to 9,999 employees",Viet Nam,25-34 years old,Man,37000000.0,Monthly,VND	Vietnamese dong,C#;HTML/CSS;JavaScript;SQL;TypeScript
4.0,"Associate degree (A.A., A.S., etc.)","Developer, full-stack",20 to 99 employees,Viet Nam,25-34 years old,Man,20000000.0,Monthly,VND	Vietnamese dong,Assembly;Bash/Shell;C#;C++;HTML/CSS;Java;JavaScript;Kotlin;PHP;PowerShell;Python;SQL;TypeScript;VBA
12.0,Some college/university study without earning a degree,Engineering manager,100 to 499 employees,Viet Nam,25-34 years old,Man,66000.0,Monthly,GBP	Pound sterling,C#;Go;HTML/CSS;TypeScript
5.0,"Bachelor’s degree (B.A., B.S., B.Eng., etc.)","Developer, front-end;Developer, full-stack;Developer, back-end",20 to 99 employees,Viet Nam,18-24 years old,Man,10000000.0,Monthly,VND	Vietnamese dong,Bash/Shell;C#;Java;PowerShell;SQL;TypeScript
10.0,"Bachelor’s degree (B.A., B.S., B.Eng., etc.)","Developer, desktop or enterprise applications;Developer, embedded applications or devices;Developer, game or graphics","10,000 or more employees",Viet Nam,25-34 years old,Man,12000.0,Monthly,VND	Vietnamese dong,C;C#;C++;Java;Objective-C;PowerShell;Python
11.0,"Bachelor’s degree (B.A., B.S., B.Eng., etc.)","Developer, front-end;Developer, full-stack;Blockchain",100 to 499 employees,Viet Nam,18-24 years old,Man,50000000.0,Monthly,VND	Vietnamese dong,Java;JavaScript;Python;TypeScript
8.0,"Bachelor’s degree (B.A., B.S., B.Eng., etc.)",Other (please specify):,"1,000 to 4,999 employees",Viet Nam,25-34 years old,Man,30000000.0,Monthly,VND	Vietnamese dong,C;HTML/CSS;JavaScript;PowerShell;Python;SQL;VBA
2.0,"Secondary school (e.g. American high school, German Realschule or Gymnasium, etc.)","Developer, back-end",100 to 499 employees,Viet Nam,25-34 years old,Man,700.0,Monthly,USD	United States dollar,Bash/Shell;JavaScript;Python;SQL
11.0,"Bachelor’s degree (B.A., B.S., B.Eng., etc.)","Developer, front-end;Developer, full-stack;Developer, back-end;Project manager;System administrator",10 to 19 employees,Viet Nam,25-34 years old,Man,2000.0,Monthly,USD	United States dollar,HTML/CSS;JavaScript;PHP
4.0,"Bachelor’s degree (B.A., B.S., B.Eng., etc.)","Developer, full-stack;Developer, back-end",100 to 499 employees,Viet Nam,25-34 years old,Man,25000000.0,Monthly,VND	Vietnamese dong,C#;HTML/CSS;JavaScript;SQL;TypeScript
3.0,Some college/university study without earning a degree,"Developer, full-stack",100 to 499 employees,Viet Nam,18-24 years old,Man,23000000.0,Monthly,VND	Vietnamese dong,JavaScript
6.0,"Bachelor’s degree (B.A., B.S., B.Eng., etc.)","Developer, front-end","1,000 to 4,999 employees",Viet Nam,18-24 years old,Man,14000000.0,Monthly,VND	Vietnamese dong,C;C#;C++;Dart;HTML/CSS;Java;JavaScript;MATLAB;R;SQL;Swift
6.0,"Bachelor’s degree (B.A., B.S., B.Eng., etc.)","Developer, mobile",100 to 499 employees,Viet Nam,18-24 years old,Man,1400.0,Monthly,USD	United States dollar,C++;Dart;Swift
5.0,"Master’s degree (M.A., M.S., M.Eng., MBA, etc.)","Developer, full-stack;Student;Developer, mobile",20 to 99 employees,Viet Nam,18-24 years old,Man,4000000.0,Monthly,VND	Vietnamese dong,HTML/CSS;JavaScript;PHP;SQL;Swift;TypeScript
12.0,"Bachelor’s degree (B.A., B.S., B.Eng., etc.)","Developer, full-stack;Developer, back-end",500 to 999 employees,Viet Nam,25-34 years old,Man,60000.0,Yearly,VND	Vietnamese dong,JavaScript;Python;SQL;TypeScript
7.0,Some college/university study without earning a degree,"Engineer, data",100 to 499 employees,Viet Nam,25-34 years old,Man,30000000.0,Monthly,VND	Vietnamese dong,Java;Python;Scala
7.0,"Bachelor’s degree (B.A., B.S., B.Eng., etc.)","Developer, full-stack",100 to 499 employees,Viet Nam,25-34 years old,Man,48000000.0,Monthly,VND	Vietnamese dong,Java;JavaScript;Python;Scala;SQL;TypeScript
6.0,"Bachelor’s degree (B.A., B.S., B.Eng., etc.)",Data scientist or machine learning specialist,20 to 99 employees,Viet Nam,25-34 years old,Man,20000000.0,Monthly,VND	Vietnamese dong,PowerShell;Python
10.0,Primary/elementary school,"Developer, front-end;Developer, full-stack;Database administrator;Academic researcher;Blockchain",20 to 99 employees,Viet Nam,18-24 years old,Man,20000000.0,Monthly,VND	Vietnamese dong,Go;Groovy;Haskell;HTML/CSS;Java;JavaScript;Julia;Kotlin;LISP;Lua;MATLAB;OCaml;Objective-C;Perl
4.0,"Master’s degree (M.A., M.S., M.Eng., MBA, etc.)","Engineer, site reliability;DevOps specialist",100 to 499 employees,Viet Nam,18-24 years old,Man,12000000.0,Monthly,VND	Vietnamese dong,Go;JavaScript;Rust;TypeScript
12.0,"Master’s degree (M.A., M.S., M.Eng., MBA, etc.)","Developer, back-end",100 to 499 employees,Viet Nam,25-34 years old,Man,120000000.0,Monthly,VND	Vietnamese dong,Java;Kotlin
8.0,"Bachelor’s degree (B.A., B.S., B.Eng., etc.)","Developer, front-end;Developer, full-stack;Developer, back-end;Developer, desktop or enterprise applications",100 to 499 employees,Viet Nam,25-34 years old,Man,35000000.0,Monthly,VND	Vietnamese dong,HTML/CSS;JavaScript;PHP;Python;SQL;TypeScript
8.0,"Bachelor’s degree (B.A., B.S., B.Eng., etc.)","Developer, mobile",500 to 999 employees,Viet Nam,25-34 years old,Man,40000000.0,Monthly,VND	Vietnamese dong,Dart;Python;Swift
10.0,"Master’s degree (M.A., M.S., M.Eng., MBA, etc.)","Developer, full-stack;Developer, back-end;Developer, desktop or enterprise applications",10 to 19 employees,Viet Nam,25-34 years old,Man,383500000.0,Yearly,VND	Vietnamese dong,HTML/CSS;JavaScript;PHP;Python;SQL
35.0,"Bachelor’s degree (B.A., B.S., B.Eng., etc.)","Developer, back-end",20 to 99 employees,Viet Nam,45-54 years old,Man,80000000.0,Monthly,VND	Vietnamese dong,C#;HTML/CSS;SQL
10.0,"Bachelor’s degree (B.A., B.S., B.Eng., etc.)","Developer, front-end;Developer, full-stack;Developer, back-end;Blockchain",100 to 499 employees,Viet Nam,25-34 years old,Man,51000000.0,Monthly,VND	Vietnamese dong,HTML/CSS;JavaScript;TypeScript
9.0,"Bachelor’s degree (B.A., B.S., B.Eng., etc.)","Developer, front-end;Developer, full-stack;Developer, back-end",20 to 99 employees,Viet Nam,25-34 years old,Man,13000000.0,Monthly,VND	Vietnamese dong,C#;Dart;HTML/CSS;JavaScript;SQL;Swift;TypeScript
5.0,"Bachelor’s degree (B.A., B.S., B.Eng., etc.)",Data scientist or machine learning specialist;Academic researcher,20 to 99 employees,Viet Nam,18-24 years old,Man,12000000.0,Monthly,VND	Vietnamese dong,Bash/Shell;Java;JavaScript;Julia;Lua;MATLAB;Python
8.0,"Bachelor’s degree (B.A., B.S., B.Eng., etc.)","Developer, front-end;Developer, back-end;Cloud infrastructure engineer","1,000 to 4,999 employees",Viet Nam,25-34 years old,Man,800.0,Monthly,USD	United States dollar,Bash/Shell;C;C++;Go;HTML/CSS;JavaScript;PowerShell;Python;Ruby;SQL
3.0,Some college/university study without earning a degree,"Developer, front-end;Developer, full-stack;Developer, back-end;Developer, QA or test;Database administrator",20 to 99 employees,Viet Nam,25-34 years old,Man,25000000.0,Monthly,VND	Vietnamese dong,HTML/CSS;JavaScript;PHP;SQL;TypeScript
3.0,Some college/university study without earning a degree,"Developer, front-end;Developer, full-stack;Developer, back-end",100 to 499 employees,Viet Nam,18-24 years old,Man,9000000.0,Monthly,VND	Vietnamese dong,HTML/CSS;JavaScript;PHP
10.0,"Bachelor’s degree (B.A., B.S., B.Eng., etc.)","Developer, back-end;DevOps specialist",100 to 499 employees,Viet Nam,25-34 years old,Man,15000000.0,Monthly,VND	Vietnamese dong,Bash/Shell;Java;JavaScript;Rust;TypeScript
4.0,"Bachelor’s degree (B.A., B.S., B.Eng., etc.)","Developer, front-end;Developer, full-stack;DevOps specialist","1,000 to 4,999 employees",Viet Nam,25-34 years old,Man,44000000.0,Monthly,VND	Vietnamese dong,C#;HTML/CSS;JavaScript;PowerShell;SQL
7.0,"Bachelor’s degree (B.A., B.S., B.Eng., etc.)","Developer, back-end;Developer, desktop or enterprise applications;Educator;Project manager;Blockchain",20 to 99 employees,Viet Nam,25-34 years old,Man,20000.0,Yearly,VND	Vietnamese dong,C#;JavaScript;PHP
8.0,"Bachelor’s degree (B.A., B.S., B.Eng., etc.)","Developer, front-end;Developer, mobile",20 to 99 employees,Viet Nam,25-34 years old,Man,18000000.0,Monthly,VND	Vietnamese dong,HTML/CSS;JavaScript;TypeScript
4.0,Some college/university study without earning a degree,"Developer, front-end;Developer, full-stack;Developer, back-end;Student",20 to 99 employees,Viet Nam,18-24 years old,Man,300.0,Monthly,VND	Vietnamese dong,C#;HTML/CSS;JavaScript;SQL;TypeScript
5.0,"Bachelor’s degree (B.A., B.S., B.Eng., etc.)","Developer, back-end;Student","5,000 to 9,999 employees",Viet Nam,18-24 years old,Man,430.0,Monthly,VND	Vietnamese dong,Java;JavaScript;Scala;SQL
4.0,Some college/university study without earning a degree,"Developer, back-end",100 to 499 employees,Viet Nam,18-24 years old,Man,9000000.0,Monthly,VND	Vietnamese dong,JavaScript;TypeScript
4.0,"Master’s degree (M.A., M.S., M.Eng., MBA, etc.)","Developer, front-end;Developer, full-stack;Developer, back-end;Developer, desktop or enterprise applications;Developer, embedded applications or devices;Developer, game or graphics;Designer;System administrator;Blockchain;Security professional",10 to 19 employees,Viet Nam,18-24 years old,Man,75000000.0,Monthly,VND	Vietnamese dong,C;C#;C++;HTML/CSS;Java;JavaScript;PowerShell;Python;SQL
5.0,"Bachelor’s degree (B.A., B.S., B.Eng., etc.)","Developer, back-end;Developer, desktop or enterprise applications",20 to 99 employees,Viet Nam,18-24 years old,Man,8500000.0,Monthly,VND	Vietnamese dong,C;C#;HTML/CSS;Java;JavaScript;PHP;SQL
12.0,"Bachelor’s degree (B.A., B.S., B.Eng., etc.)","Developer, back-end;Developer, desktop or enterprise applications","10,000 or more employees",Viet Nam,25-34 years old,Man,5500.0,Monthly,USD	United States dollar,C#;Dart;Java;JavaScript
4.0,"Associate degree (A.A., A.S., etc.)","Engineer, data;Developer, back-end",10 to 19 employees,Viet Nam,18-24 years old,Man,9000000.0,Monthly,VND	Vietnamese dong,Go;Java
10.0,"Bachelor’s degree (B.A., B.S., B.Eng., etc.)","Developer, mobile",10 to 19 employees,Viet Nam,25-34 years old,Man,1000.0,Monthly,VND	Vietnamese dong,C++;Java;Objective-C;Swift
9.0,"Bachelor’s degree (B.A., B.S., B.Eng., etc.)","Developer, front-end;Developer, full-stack;Project manager",10 to 19 employees,Viet Nam,25-34 years old,Man,50000000.0,Monthly,VND	Vietnamese dong,C;HTML/CSS;JavaScript;PHP;SQL;TypeScript
2.0,Some college/university study without earning a degree,"Developer, mobile",100 to 499 employees,Viet Nam,25-34 years old,Man,32000000.0,Monthly,VND	Vietnamese dong,C;HTML/CSS;JavaScript;Python;Swift
5.0,Some college/university study without earning a degree,"Developer, desktop or enterprise applications;Database administrator;System administrator","1,000 to 4,999 employees",Viet Nam,18-24 years old,Man,6100000.0,Monthly,VND	Vietnamese dong,HTML/CSS;Java
5.0,"Bachelor’s degree (B.A., B.S., B.Eng., etc.)","Developer, full-stack;Developer, mobile",20 to 99 employees,Viet Nam,18-24 years old,Man,14000000.0,Yearly,VND	Vietnamese dong,JavaScript;PHP
5.0,"Bachelor’s degree (B.A., B.S., B.Eng., etc.)","Developer, front-end",500 to 999 employees,Viet Nam,25-34 years old,Man,2680.0,Monthly,USD	United States dollar,HTML/CSS;JavaScript;TypeScript
16.0,Primary/elementary school,"Engineer, site reliability;Developer, full-stack;Developer, back-end;Database administrator;DevOps specialist;Cloud infrastructure engineer;System administrator;Security professional",20 to 99 employees,Viet Nam,25-34 years old,Man,40000000.0,Monthly,VND	Vietnamese dong,Bash/Shell;C;C++;COBOL;Go;HTML/CSS;JavaScript;Lua;Perl;PHP;Python;SQL;TypeScript
9.0,"Bachelor’s degree (B.A., B.S., B.Eng., etc.)","Developer, back-end;Developer, desktop or enterprise applications;Database administrator;System administrator",10 to 19 employees,Viet Nam,18-24 years old,Man,10000000.0,Monthly,VND	Vietnamese dong,C#;C++;HTML/CSS;Java;JavaScript;PowerShell;SQL
13.0,"Master’s degree (M.A., M.S., M.Eng., MBA, etc.)","Developer, back-end",20 to 99 employees,Viet Nam,25-34 years old,Man,1000000000.0,Monthly,VND	Vietnamese dong,Go;JavaScript;Python
2.0,"Bachelor’s degree (B.A., B.S., B.Eng., etc.)","Developer, full-stack",20 to 99 employees,Viet Nam,18-24 years old,Man,5000.0,Yearly,VND	Vietnamese dong,C;HTML/CSS;JavaScript;TypeScript
5.0,Some college/university study without earning a degree,"Developer, front-end;Engineer, data;Developer, full-stack;Developer, back-end;Student;Data or business analyst;Blockchain",20 to 99 employees,Viet Nam,18-24 years old,Man,15000000.0,Monthly,VND	Vietnamese dong,C++;Dart;Go;HTML/CSS;Java;JavaScript;PHP;Python;Solidity;SQL
20.0,"Bachelor’s degree (B.A., B.S., B.Eng., etc.)","Developer, full-stack;Engineering manager;Project manager;Product manager",10 to 19 employees,Viet Nam,35-44 years old,Man,120000000.0,Monthly,VND	Vietnamese dong,C#;C++;Elixir;Erlang;HTML/CSS;Java;JavaScript;SQL
1.0,"Master’s degree (M.A., M.S., M.Eng., MBA, etc.)",DevOps specialist,"5,000 to 9,999 employees",Viet Nam,18-24 years old,Man,20.0,Weekly,VND	Vietnamese dong,APL;HTML/CSS;Ruby;SAS;Solidity;SQL
5.0,"Bachelor’s degree (B.A., B.S., B.Eng., etc.)","Developer, full-stack;Developer, back-end",500 to 999 employees,Viet Nam,25-34 years old,Man,400000000.0,Yearly,VND	Vietnamese dong,Java
14.0,"Bachelor’s degree (B.A., B.S., B.Eng., etc.)","Developer, back-end","1,000 to 4,999 employees",Viet Nam,35-44 years old,Man,2000.0,Monthly,VND	Vietnamese dong,Java
5.0,Something else,"Developer, front-end",20 to 99 employees,Viet Nam,25-34 years old,Man,31750000.0,Monthly,VND	Vietnamese dong,HTML/CSS;Java;JavaScript;Lua;TypeScript
6.0,"Bachelor’s degree (B.A., B.S., B.Eng., etc.)","Developer, back-end;Blockchain",10 to 19 employees,Viet Nam,18-24 years old,Man,30000.0,Monthly,USD	United States dollar,C;C++;JavaScript;Python;Rust;Solidity;TypeScript
3.0,Some college/university study without earning a degree,"Developer, full-stack",10 to 19 employees,Viet Nam,25-34 years old,Man,20000000.0,Monthly,VND	Vietnamese dong,HTML/CSS;JavaScript;PHP;Python;SQL
4.0,"Bachelor’s degree (B.A., B.S., B.Eng., etc.)","Developer, back-end",100 to 499 employees,Viet Nam,18-24 years old,Man,16000000.0,Monthly,VND	Vietnamese dong,C;C++;Go;Rust
3.0,Some college/university study without earning a degree,"Developer, full-stack",10 to 19 employees,Viet Nam,18-24 years old,NOT PROVIDED,24000000.0,NOT PROVIDED,VND	Vietnamese dong,C++;Go;HTML/CSS;JavaScript;PHP;PowerShell;Python;SQL;TypeScript
4.0,"Bachelor’s degree (B.A., B.S., B.Eng., etc.)","Developer, full-stack",20 to 99 employees,Viet Nam,18-24 years old,NOT PROVIDED,14400.0,NOT PROVIDED,USD	United States dollar,C#;Go;HTML/CSS;Java;JavaScript;Python;SQL;TypeScript;Visual Basic (.Net)
5.0,"Master’s degree (M.A., M.S., M.Eng., MBA, etc.)",Data scientist or machine learning specialist,10 to 19 employees,Viet Nam,25-34 years old,NOT PROVIDED,25000.0,NOT PROVIDED,USD	United States dollar,HTML/CSS;JavaScript;Python;R;SQL
14.0,"Bachelor’s degree (B.A., B.S., B.Eng., etc.)","Developer, full-stack",100 to 499 employees,Viet Nam,25-34 years old,NOT PROVIDED,2000000000.0,NOT PROVIDED,VND	Vietnamese dong,HTML/CSS;JavaScript;Python;TypeScript
7.0,"Bachelor’s degree (B.A., B.S., B.Eng., etc.)","Engineer, data","1,000 to 4,999 employees",Viet Nam,18-24 years old,NOT PROVIDED,23000000.0,NOT PROVIDED,VND	Vietnamese dong,SQL
5.0,"Bachelor’s degree (B.A., B.S., B.Eng., etc.)","Developer, full-stack","5,000 to 9,999 employees",Viet Nam,25-34 years old,NOT PROVIDED,100000.0,NOT PROVIDED,EUR European Euro,Bash/Shell (all shells);HTML/CSS;JavaScript;PowerShell;Python
1.0,Some college/university study without earning a degree,"Developer, full-stack",20 to 99 employees,Viet Nam,25-34 years old,NOT PROVIDED,125000000.0,NOT PROVIDED,VND	Vietnamese dong,HTML/CSS;JavaScript;R;Ruby;Rust;SQL;TypeScript
6.0,"Bachelor’s degree (B.A., B.S., B.Eng., etc.)",DevOps specialist,100 to 499 employees,Viet Nam,18-24 years old,NOT PROVIDED,1000000000.0,NOT PROVIDED,VND	Vietnamese dong,Go;HTML/CSS;Python;Rust;SQL;TypeScript
16.0,Some college/university study without earning a degree,"Developer, full-stack",10 to 19 employees,Viet Nam,25-34 years old,NOT PROVIDED,1000000000.0,NOT PROVIDED,VND	Vietnamese dong,HTML/CSS;JavaScript;Kotlin;PHP;Python;TypeScript
14.0,Some college/university study without earning a degree,"Developer, full-stack",20 to 99 employees,Viet Nam,25-34 years old,NOT PROVIDED,48000.0,NOT PROVIDED,USD	United States dollar,HTML/CSS;JavaScript;PHP;Python;SQL;TypeScript
13.0,"Bachelor’s degree (B.A., B.S., B.Eng., etc.)","Developer, back-end",100 to 499 employees,Viet Nam,25-34 years old,NOT PROVIDED,850000000.0,NOT PROVIDED,VND	Vietnamese dong,Java;JavaScript;SQL
6.0,Primary/elementary school,"Developer, full-stack",20 to 99 employees,Viet Nam,18-24 years old,NOT PROVIDED,12000.0,NOT PROVIDED,VND	Vietnamese dong,C++
5.0,"Bachelor’s degree (B.A., B.S., B.Eng., etc.)","Developer, mobile",20 to 99 employees,Viet Nam,25-34 years old,NOT PROVIDED,24000000.0,NOT PROVIDED,VND	Vietnamese dong,Dart
11.0,"Bachelor’s degree (B.A., B.S., B.Eng., etc.)","Developer, back-end",20 to 99 employees,Viet Nam,25-34 years old,NOT PROVIDED,800000000.0,NOT PROVIDED,VND	Vietnamese dong,
7.0,"Bachelor’s degree (B.A., B.S., B.Eng., etc.)","Developer, full-stack",20 to 99 employees,Viet Nam,25-34 years old,NOT PROVIDED,8000.0,NOT PROVIDED,USD	United States dollar,Bash/Shell (all shells);HTML/CSS;JavaScript;Lua;Python;Ruby;SQL;TypeScript
9.0,"Bachelor’s degree (B.A., B.S., B.Eng., etc.)","Developer, mobile",100 to 499 employees,Viet Nam,18-24 years old,NOT PROVIDED,241000000.0,NOT PROVIDED,VND	Vietnamese dong,Dart;Java;Kotlin;Swift
5.0,"Bachelor’s degree (B.A., B.S., B.Eng., etc.)","Developer, QA or test",100 to 499 employees,Viet Nam,25-34 years old,NOT PROVIDED,500000000.0,NOT PROVIDED,VND	Vietnamese dong,Groovy;Java;JavaScript;PowerShell;Python
17.0,Some college/university study without earning a degree,"Developer, front-end",500 to 999 employees,Viet Nam,25-34 years old,NOT PROVIDED,841000000.0,NOT PROVIDED,VND	Vietnamese dong,Bash/Shell (all shells);HTML/CSS;Java;JavaScript;PHP;PowerShell;Rust;SQL;TypeScript
7.0,"Bachelor’s degree (B.A., B.S., B.Eng., etc.)","Developer, front-end","1,000 to 4,999 employees",Viet Nam,25-34 years old,NOT PROVIDED,520000000.0,NOT PROVIDED,VND	Vietnamese dong,JavaScript;Rust;TypeScript
3.0,"Bachelor’s degree (B.A., B.S., B.Eng., etc.)","Developer, full-stack",100 to 499 employees,Viet Nam,25-34 years old,NOT PROVIDED,455000000.0,NOT PROVIDED,VND	Vietnamese dong,HTML/CSS;JavaScript;Python
12.0,"Bachelor’s degree (B.A., B.S., B.Eng., etc.)","Developer, full-stack",10 to 19 employees,Viet Nam,25-34 years old,NOT PROVIDED,2000000000.0,NOT PROVIDED,VND	Vietnamese dong,C#;GDScript;HTML/CSS;JavaScript;Python
10.0,"Bachelor’s degree (B.A., B.S., B.Eng., etc.)",Research & Development role,"5,000 to 9,999 employees",Viet Nam,25-34 years old,NOT PROVIDED,795000000.0,NOT PROVIDED,VND	Vietnamese dong,Bash/Shell (all shells);JavaScript;Python;SQL
7.0,"Bachelor’s degree (B.A., B.S., B.Eng., etc.)","Developer, mobile",100 to 499 employees,Viet Nam,25-34 years old,NOT PROVIDED,600000000.0,NOT PROVIDED,VND	Vietnamese dong,C#;Dart;Go;HTML/CSS;Java;JavaScript;Kotlin;PHP;Python;SQL;TypeScript
4.0,Some college/university study without earning a degree,"Developer, full-stack",100 to 499 employees,Viet Nam,25-34 years old,NOT PROVIDED,360000000.0,NOT PROVIDED,VND	Vietnamese dong,HTML/CSS;JavaScript
7.0,"Bachelor’s degree (B.A., B.S., B.Eng., etc.)","Developer, mobile",500 to 999 employees,Viet Nam,25-34 years old,NOT PROVIDED,210500000.0,NOT PROVIDED,VND	Vietnamese dong,C;C#;C++;Java;JavaScript;PowerShell
10.0,"Master’s degree (M.A., M.S., M.Eng., MBA, etc.)",Engineering manager,500 to 999 employees,Viet Nam,25-34 years old,NOT PROVIDED,1267245000.0,NOT PROVIDED,VND	Vietnamese dong,JavaScript;Ruby
7.0,"Bachelor’s degree (B.A., B.S., B.Eng., etc.)",Developer Experience,"5,000 to 9,999 employees",Viet Nam,25-34 years old,NOT PROVIDED,30000000.0,NOT PROVIDED,VND	Vietnamese dong,C;C#;C++;HTML/CSS;Java;JavaScript;Python;R
8.0,"Bachelor’s degree (B.A., B.S., B.Eng., etc.)","Developer, back-end","1,000 to 4,999 employees",Viet Nam,25-34 years old,NOT PROVIDED,200000000.0,NOT PROVIDED,VND	Vietnamese dong,GDScript;HTML/CSS;Java;JavaScript;SQL;TypeScript
5.0,"Secondary school (e.g. American high school, German Realschule or Gymnasium, etc.)","Developer, full-stack","1,000 to 4,999 employees",Viet Nam,18-24 years old,NOT PROVIDED,169000000.0,NOT PROVIDED,VND	Vietnamese dong,C#;HTML/CSS;JavaScript;SQL
11.0,"Bachelor’s degree (B.A., B.S., B.Eng., etc.)","Developer, full-stack",500 to 999 employees,Viet Nam,25-34 years old,NOT PROVIDED,1235000000.0,NOT PROVIDED,VND	Vietnamese dong,Java;JavaScript;Kotlin;SQL;TypeScript
9.0,"Bachelor’s degree (B.A., B.S., B.Eng., etc.)","Developer, full-stack",20 to 99 employees,Viet Nam,25-34 years old,NOT PROVIDED,350000000.0,NOT PROVIDED,VND	Vietnamese dong,Assembly;Bash/Shell (all shells);C;C#;C++;Dart;Go;HTML/CSS;Java;JavaScript;Python;SQL
4.0,"Associate degree (A.A., A.S., etc.)","Developer, front-end","10,000 or more employees",Viet Nam,18-24 years old,NOT PROVIDED,140000000.0,NOT PROVIDED,VND	Vietnamese dong,HTML/CSS;JavaScript;Python;SQL;TypeScript
8.0,"Bachelor’s degree (B.A., B.S., B.Eng., etc.)","Developer, full-stack",20 to 99 employees,Viet Nam,25-34 years old,NOT PROVIDED,32500.0,NOT PROVIDED,USD	United States dollar,C#;C++;HTML/CSS;Java;JavaScript;TypeScript
7.0,"Bachelor’s degree (B.A., B.S., B.Eng., etc.)","Developer, full-stack",100 to 499 employees,Viet Nam,18-24 years old,NOT PROVIDED,7300.0,NOT PROVIDED,VND	Vietnamese dong,GDScript;HTML/CSS;Java;JavaScript;Rust;SQL;TypeScript
5.0,"Bachelor’s degree (B.A., B.S., B.Eng., etc.)","Developer, full-stack","1,000 to 4,999 employees",Viet Nam,25-34 years old,NOT PROVIDED,1000000000.0,NOT PROVIDED,VND	Vietnamese dong,JavaScript;Scala;TypeScript
10.0,"Bachelor’s degree (B.A., B.S., B.Eng., etc.)","Developer, back-end","1,000 to 4,999 employees",Viet Nam,18-24 years old,NOT PROVIDED,480500000.0,NOT PROVIDED,VND	Vietnamese dong,C++;Dart;Go;Java;JavaScript;Kotlin
6.0,"Bachelor’s degree (B.A., B.S., B.Eng., etc.)","Developer, back-end",20 to 99 employees,Viet Nam,18-24 years old,NOT PROVIDED,240000000.0,NOT PROVIDED,VND	Vietnamese dong,Go
3.0,"Bachelor’s degree (B.A., B.S., B.Eng., etc.)","Developer, back-end",20 to 99 employees,Viet Nam,18-24 years old,NOT PROVIDED,102000000.0,NOT PROVIDED,VND	Vietnamese dong,Go;SQL
5.0,Some college/university study without earning a degree,"Developer, back-end",20 to 99 employees,Viet Nam,25-34 years old,NOT PROVIDED,300000000.0,NOT PROVIDED,VND	Vietnamese dong,C#;C++;Go;Java;JavaScript;Kotlin;PHP;Python;SQL
20.0,"Bachelor’s degree (B.A., B.S., B.Eng., etc.)","Senior Executive (C-Suite, VP, etc.)",10 to 19 employees,Viet Nam,35-44 years old,NOT PROVIDED,70000.0,NOT PROVIDED,EUR European Euro,HTML/CSS;JavaScript;Kotlin;PHP;TypeScript
1.0,"Bachelor’s degree (B.A., B.S., B.Eng., etc.)",Blockchain,100 to 499 employees,Viet Nam,18-24 years old,NOT PROVIDED,300000000.0,NOT PROVIDED,VND	Vietnamese dong,C#;HTML/CSS;Java;JavaScript;PHP;Rust;Solidity;SQL;TypeScript
4.0,"Bachelor’s degree (B.A., B.S., B.Eng., etc.)","Developer, back-end",100 to 499 employees,Viet Nam,25-34 years old,NOT PROVIDED,156000000.0,NOT PROVIDED,VND	Vietnamese dong,HTML/CSS;JavaScript;PHP;SQL
5.0,"Bachelor’s degree (B.A., B.S., B.Eng., etc.)","Engineer, site reliability",500 to 999 employees,Viet Nam,18-24 years old,NOT PROVIDED,1000.0,NOT PROVIDED,USD	United States dollar,Bash/Shell (all shells);C;Go;Groovy;HTML/CSS;Java;JavaScript;Julia;PowerShell;Python;Rust;SQL;TypeScript
11.0,Some college/university study without earning a degree,"Developer, back-end",500 to 999 employees,Viet Nam,25-34 years old,NOT PROVIDED,560000000.0,NOT PROVIDED,VND	Vietnamese dong,Java;Python;R;Rust;SQL
4.0,"Bachelor’s degree (B.A., B.S., B.Eng., etc.)","Developer, full-stack",100 to 499 employees,Viet Nam,18-24 years old,NOT PROVIDED,10000000.0,NOT PROVIDED,VND	Vietnamese dong,Go;Java;JavaScript
6.0,"Bachelor’s degree (B.A., B.S., B.Eng., etc.)",Research & Development role,20 to 99 employees,Viet Nam,25-34 years old,NOT PROVIDED,520000000.0,NOT PROVIDED,VND	Vietnamese dong,Go;Python
7.0,"Master’s degree (M.A., M.S., M.Eng., MBA, etc.)","Developer, mobile",20 to 99 employees,Viet Nam,25-34 years old,NOT PROVIDED,36000.0,NOT PROVIDED,USD	United States dollar,Java;Kotlin
0.0,"Bachelor’s degree (B.A., B.S., B.Eng., etc.)","Developer, full-stack",100 to 499 employees,Viet Nam,25-34 years old,NOT PROVIDED,296000000.0,NOT PROVIDED,VND	Vietnamese dong,C;C#;C++;HTML/CSS;JavaScript;Python;SQL;TypeScript
0.0,"Bachelor’s degree (B.A., B.S., B.Eng., etc.)","Developer, back-end",500 to 999 employees,Viet Nam,25-34 years old,NOT PROVIDED,8000.0,NOT PROVIDED,USD	United States dollar,C#;HTML/CSS;JavaScript;SQL
12.0,"Bachelor’s degree (B.A., B.S., B.Eng., etc.)","Developer, back-end",20 to 99 employees,Viet Nam,25-34 years old,NOT PROVIDED,55000.0,NOT PROVIDED,USD	United States dollar,Go;Java;JavaScript;PHP;Python;SQL
6.0,Some college/university study without earning a degree,"Developer, full-stack",20 to 99 employees,Viet Nam,25-34 years old,NOT PROVIDED,690000000.0,NOT PROVIDED,VND	Vietnamese dong,HTML/CSS;JavaScript;PHP
6.0,"Bachelor’s degree (B.A., B.S., B.Eng., etc.)","Developer, full-stack",100 to 499 employees,Viet Nam,18-24 years old,NOT PROVIDED,234000000.0,NOT PROVIDED,VND	Vietnamese dong,HTML/CSS;Java
6.0,Some college/university study without earning a degree,"Developer, embedded applications or devices","5,000 to 9,999 employees",Viet Nam,18-24 years old,NOT PROVIDED,140000000.0,NOT PROVIDED,VND	Vietnamese dong,Bash/Shell (all shells)
6.0,"Bachelor’s degree (B.A., B.S., B.Eng., etc.)","Engineer, data",500 to 999 employees,Viet Nam,18-24 years old,NOT PROVIDED,10000000.0,NOT PROVIDED,VND	Vietnamese dong,C++;Python;R;SQL
10.0,Some college/university study without earning a degree,Research & Development role,100 to 499 employees,Viet Nam,25-34 years old,NOT PROVIDED,500.0,NOT PROVIDED,VND	Vietnamese dong,C;C#;C++;Dart;Go;HTML/CSS;Java;JavaScript;PHP;Python;SQL;TypeScript
7.0,"Bachelor’s degree (B.A., B.S., B.Eng., etc.)","Developer, front-end","1,000 to 4,999 employees",Viet Nam,18-24 years old,NOT PROVIDED,206500000.0,NOT PROVIDED,VND	Vietnamese dong,C;C#;C++;Dart;HTML/CSS;Java;JavaScript;TypeScript
9.0,"Bachelor’s degree (B.A., B.S., B.Eng., etc.)","Developer, embedded applications or devices",10 to 19 employees,Viet Nam,18-24 years old,NOT PROVIDED,144000000.0,NOT PROVIDED,VND	Vietnamese dong,Bash/Shell (all shells);C;C#;C++;Go;HTML/CSS;Java;JavaScript;Lua;Nim;PowerShell;Python;Rust;SQL
5.0,"Bachelor’s degree (B.A., B.S., B.Eng., etc.)","Developer, full-stack",100 to 499 employees,Viet Nam,25-34 years old,NOT PROVIDED,456000000.0,NOT PROVIDED,VND	Vietnamese dong,Bash/Shell (all shells);HTML/CSS;JavaScript;Python;Ruby;SQL;TypeScript
10.0,"Bachelor’s degree (B.A., B.S., B.Eng., etc.)","Developer, mobile","1,000 to 4,999 employees",Viet Nam,25-34 years old,NOT PROVIDED,170000000.0,NOT PROVIDED,VND	Vietnamese dong,Dart;Kotlin
20.0,"Bachelor’s degree (B.A., B.S., B.Eng., etc.)","Developer, desktop or enterprise applications",100 to 499 employees,Viet Nam,35-44 years old,NOT PROVIDED,1000000000.0,NOT PROVIDED,VND	Vietnamese dong,C#;PowerShell
8.0,"Bachelor’s degree (B.A., B.S., B.Eng., etc.)","Developer, front-end",100 to 499 employees,Viet Nam,25-34 years old,NOT PROVIDED,700000000.0,NOT PROVIDED,VND	Vietnamese dong,HTML/CSS;Java;JavaScript;TypeScript
3.0,Something else,"Developer, full-stack",100 to 499 employees,Viet Nam,18-24 years old,NOT PROVIDED,150000000.0,NOT PROVIDED,VND	Vietnamese dong,Bash/Shell (all shells);C;C#;C++;Go;HTML/CSS;Java;JavaScript;PHP;PowerShell;Python;Ruby;SQL
0.0,"Associate degree (A.A., A.S., etc.)","Developer, back-end",100 to 499 employees,Viet Nam,25-34 years old,NOT PROVIDED,300000000.0,NOT PROVIDED,VND	Vietnamese dong,JavaScript;PHP;TypeScript
8.0,"Master’s degree (M.A., M.S., M.Eng., MBA, etc.)",Data scientist or machine learning specialist,20 to 99 employees,Viet Nam,25-34 years old,NOT PROVIDED,390000000.0,NOT PROVIDED,VND	Vietnamese dong,Bash/Shell (all shells);JavaScript;Python;SQL
6.0,"Bachelor’s degree (B.A., B.S., B.Eng., etc.)","Developer, back-end","10,000 or more employees",Viet Nam,25-34 years old,NOT PROVIDED,130000000.0,NOT PROVIDED,VND	Vietnamese dong,Bash/Shell (all shells);HTML/CSS;Java;JavaScript;Python;SQL
4.0,"Bachelor’s degree (B.A., B.S., B.Eng., etc.)","Developer, full-stack",20 to 99 employees,Viet Nam,18-24 years old,NOT PROVIDED,300000000.0,NOT PROVIDED,VND	Vietnamese dong,HTML/CSS;JavaScript;Ruby;SQL
9.0,"Bachelor’s degree (B.A., B.S., B.Eng., etc.)","Developer, front-end","1,000 to 4,999 employees",Viet Nam,25-34 years old,NOT PROVIDED,780000000.0,NOT PROVIDED,VND	Vietnamese dong,C;C#;C++;HTML/CSS;Java;JavaScript;PHP;Python;TypeScript
9.0,"Bachelor’s degree (B.A., B.S., B.Eng., etc.)","Developer, mobile","10,000 or more employees",Viet Nam,25-34 years old,NOT PROVIDED,1081000000.0,NOT PROVIDED,VND	Vietnamese dong,Dart;Java;Kotlin
6.0,"Bachelor’s degree (B.A., B.S., B.Eng., etc.)","Developer, front-end","10,000 or more employees",Viet Nam,25-34 years old,NOT PROVIDED,150000000.0,NOT PROVIDED,VND	Vietnamese dong,Bash/Shell (all shells);HTML/CSS;JavaScript;SQL;TypeScript
2.0,"Bachelor’s degree (B.A., B.S., B.Eng., etc.)","Developer, full-stack",20 to 99 employees,Viet Nam,25-34 years old,NOT PROVIDED,160000000.0,NOT PROVIDED,VND	Vietnamese dong,HTML/CSS;JavaScript;Python;SQL;TypeScript
8.0,"Bachelor’s degree (B.A., B.S., B.Eng., etc.)",Data scientist or machine learning specialist,20 to 99 employees,Viet Nam,18-24 years old,NOT PROVIDED,250000000.0,NOT PROVIDED,VND	Vietnamese dong,Bash/Shell (all shells);C#;C++;HTML/CSS;JavaScript;PowerShell;Python;R;Rust;SQL;TypeScript
16.0,"Master’s degree (M.A., M.S., M.Eng., MBA, etc.)","Developer, mobile",20 to 99 employees,Viet Nam,25-34 years old,NOT PROVIDED,1040000000.0,NOT PROVIDED,VND	Vietnamese dong,JavaScript;TypeScript
5.0,"Bachelor’s degree (B.A., B.S., B.Eng., etc.)","Developer, back-end",20 to 99 employees,Viet Nam,18-24 years old,NOT PROVIDED,40000000.0,NOT PROVIDED,VND	Vietnamese dong,Bash/Shell (all shells);Go;Rust;Solidity;SQL
6.0,"Bachelor’s degree (B.A., B.S., B.Eng., etc.)","Developer, full-stack","1,000 to 4,999 employees",Viet Nam,18-24 years old,NOT PROVIDED,250000000.0,NOT PROVIDED,VND	Vietnamese dong,Bash/Shell (all shells);C#;C++;HTML/CSS;Java;JavaScript;Python;SQL;TypeScript
7.0,"Bachelor’s degree (B.A., B.S., B.Eng., etc.)",Scientist,"1,000 to 4,999 employees",Viet Nam,18-24 years old,NOT PROVIDED,40000000.0,NOT PROVIDED,VND	Vietnamese dong,Bash/Shell (all shells);C;C++;HTML/CSS;Java;JavaScript;Julia;MATLAB;Perl;PHP;PowerShell;Python;R;SQL;VBA
0.0,"Bachelor’s degree (B.A., B.S., B.Eng., etc.)","Developer, full-stack",20 to 99 employees,Viet Nam,18-24 years old,NOT PROVIDED,1300.0,NOT PROVIDED,USD	United States dollar,Java;JavaScript;TypeScript
4.0,"Master’s degree (M.A., M.S., M.Eng., MBA, etc.)","Engineer, data",500 to 999 employees,Viet Nam,25-34 years old,NOT PROVIDED,11000000.0,NOT PROVIDED,VND	Vietnamese dong,Python;R;SQL
6.0,"Bachelor’s degree (B.A., B.S., B.Eng., etc.)","Developer, front-end",20 to 99 employees,Viet Nam,25-34 years old,NOT PROVIDED,600000000.0,NOT PROVIDED,VND	Vietnamese dong,HTML/CSS;TypeScript
10.0,"Bachelor’s degree (B.A., B.S., B.Eng., etc.)","Developer, full-stack",20 to 99 employees,Viet Nam,25-34 years old,NOT PROVIDED,910000000.0,NOT PROVIDED,VND	Vietnamese dong,Bash/Shell (all shells);HTML/CSS;JavaScript;SQL;TypeScript
4.0,"Bachelor’s degree (B.A., B.S., B.Eng., etc.)","Developer, back-end",20 to 99 employees,Viet Nam,18-24 years old,NOT PROVIDED,20017000.0,NOT PROVIDED,VND	Vietnamese dong,Elixir;Go;HTML/CSS;Java;JavaScript;Lua;Python;Rust;Scala;SQL;TypeScript
11.0,Some college/university study without earning a degree,"Developer, full-stack",10 to 19 employees,Viet Nam,25-34 years old,NOT PROVIDED,550000000.0,NOT PROVIDED,VND	Vietnamese dong,C#;HTML/CSS;JavaScript;Python;R;SQL;VBA
7.0,"Bachelor’s degree (B.A., B.S., B.Eng., etc.)","Developer, front-end",20 to 99 employees,Viet Nam,25-34 years old,NOT PROVIDED,300000000.0,NOT PROVIDED,VND	Vietnamese dong,C#;JavaScript;PHP;Python;TypeScript
18.0,"Bachelor’s degree (B.A., B.S., B.Eng., etc.)","Developer, full-stack",100 to 499 employees,Viet Nam,25-34 years old,NOT PROVIDED,1442000000.0,NOT PROVIDED,VND	Vietnamese dong,Bash/Shell (all shells);Go;HTML/CSS;JavaScript;Lua;TypeScript
4.0,"Bachelor’s degree (B.A., B.S., B.Eng., etc.)","Developer, back-end",20 to 99 employees,Viet Nam,18-24 years old,NOT PROVIDED,220000000.0,NOT PROVIDED,VND	Vietnamese dong,C;C++;HTML/CSS;Java;JavaScript
5.0,"Bachelor’s degree (B.A., B.S., B.Eng., etc.)","Developer, back-end",100 to 499 employees,Viet Nam,25-34 years old,NOT PROVIDED,260000000.0,NOT PROVIDED,VND	Vietnamese dong,Java
7.0,"Bachelor’s degree (B.A., B.S., B.Eng., etc.)","Developer, full-stack",20 to 99 employees,Viet Nam,18-24 years old,NOT PROVIDED,9000.0,NOT PROVIDED,VND	Vietnamese dong,HTML/CSS;Java;JavaScript;Python;Solidity;TypeScript
6.0,"Bachelor’s degree (B.A., B.S., B.Eng., etc.)","Developer, back-end",100 to 499 employees,Viet Nam,18-24 years old,NOT PROVIDED,200000000.0,NOT PROVIDED,VND	Vietnamese dong,Go;HTML/CSS;JavaScript;Python;SQL;TypeScript
7.0,"Bachelor’s degree (B.A., B.S., B.Eng., etc.)",Data scientist or machine learning specialist,20 to 99 employees,Viet Nam,25-34 years old,NOT PROVIDED,80000000.0,NOT PROVIDED,VND	Vietnamese dong,Python
5.0,"Secondary school (e.g. American high school, German Realschule or Gymnasium, etc.)","Developer, back-end",20 to 99 employees,Viet Nam,18-24 years old,NOT PROVIDED,370000000.0,NOT PROVIDED,VND	Vietnamese dong,HTML/CSS;JavaScript;TypeScript
5.0,"Bachelor’s degree (B.A., B.S., B.Eng., etc.)","Developer, back-end",500 to 999 employees,Viet Nam,25-34 years old,NOT PROVIDED,494000000.0,NOT PROVIDED,VND	Vietnamese dong,HTML/CSS;JavaScript;PowerShell;Python;SQL;TypeScript
7.0,"Bachelor’s degree (B.A., B.S., B.Eng., etc.)","Engineer, data","10,000 or more employees",Viet Nam,18-24 years old,NOT PROVIDED,288000000.0,NOT PROVIDED,VND	Vietnamese dong,Bash/Shell (all shells);JavaScript;PowerShell;Python
4.0,"Secondary school (e.g. American high school, German Realschule or Gymnasium, etc.)","Developer, back-end",10 to 19 employees,Viet Nam,25-34 years old,NOT PROVIDED,420000000.0,NOT PROVIDED,VND	Vietnamese dong,Bash/Shell (all shells);HTML/CSS;JavaScript;Python;Ruby;SQL
3.0,"Bachelor’s degree (B.A., B.S., B.Eng., etc.)","Developer, full-stack",500 to 999 employees,Viet Nam,18-24 years old,NOT PROVIDED,9000.0,NOT PROVIDED,VND	Vietnamese dong,Bash/Shell (all shells);Go;Java;JavaScript;TypeScript
6.0,"Bachelor’s degree (B.A., B.S., B.Eng., etc.)","Developer, back-end",20 to 99 employees,Viet Nam,25-34 years old,NOT PROVIDED,240000000.0,NOT PROVIDED,VND	Vietnamese dong,HTML/CSS;JavaScript;TypeScript
6.0,"Bachelor’s degree (B.A., B.S., B.Eng., etc.)",Security professional,10 to 19 employees,Viet Nam,18-24 years old,NOT PROVIDED,200000000.0,NOT PROVIDED,VND	Vietnamese dong,Bash/Shell (all shells);C;C#;C++;Go;Python;SQL
5.0,"Bachelor’s degree (B.A., B.S., B.Eng., etc.)","Engineer, data","10,000 or more employees",Viet Nam,25-34 years old,NOT PROVIDED,336000000.0,NOT PROVIDED,VND	Vietnamese dong,Bash/Shell (all shells);Java;Python;SQL
7.0,"Bachelor’s degree (B.A., B.S., B.Eng., etc.)","Developer, desktop or enterprise applications",100 to 499 employees,Viet Nam,25-34 years old,NOT PROVIDED,40000000.0,NOT PROVIDED,VND	Vietnamese dong,Bash/Shell (all shells);Java;Python
2.0,"Bachelor’s degree (B.A., B.S., B.Eng., etc.)","Developer, full-stack",20 to 99 employees,Viet Nam,18-24 years old,NOT PROVIDED,0.0,NOT PROVIDED,VND	Vietnamese dong,Go;JavaScript;TypeScript
8.0,"Bachelor’s degree (B.A., B.S., B.Eng., etc.)",Research & Development role,10 to 19 employees,Viet Nam,25-34 years old,NOT PROVIDED,288000000.0,NOT PROVIDED,VND	Vietnamese dong,Bash/Shell (all shells);HTML/CSS;JavaScript;Python;SQL;TypeScript
5.0,"Secondary school (e.g. American high school, German Realschule or Gymnasium, etc.)",Student,100 to 499 employees,Viet Nam,18-24 years old,NOT PROVIDED,6750000.0,NOT PROVIDED,VND	Vietnamese dong,C++;Go;HTML/CSS;Java;JavaScript;Kotlin;PowerShell;Python;SQL;TypeScript
13.0,"Professional degree (JD, MD, Ph.D, Ed.D, etc.)",Data scientist or machine learning specialist,100 to 499 employees,Viet Nam,35-44 years old,NOT PROVIDED,83000.0,NOT PROVIDED,USD	United States dollar,Python;SQL;TypeScript
8.0,"Bachelor’s degree (B.A., B.S., B.Eng., etc.)",Data engineer,"10,000 or more employees",Viet Nam,25-34 years old,NOT PROVIDED,320000000.0,NOT PROVIDED,VND	Vietnamese dong,Python;TypeScript
6.0,"Bachelor’s degree (B.A., B.S., B.Eng., etc.)","Developer, full-stack",10 to 19 employees,Viet Nam,18-24 years old,NOT PROVIDED,11400.0,NOT PROVIDED,USD	United States dollar,HTML/CSS;JavaScript;Lua;Ruby;SQL;TypeScript
13.0,Some college/university study without earning a degree,"Developer, full-stack",10 to 19 employees,Viet Nam,35-44 years old,NOT PROVIDED,30000.0,NOT PROVIDED,VND	Vietnamese dong,Bash/Shell (all shells);HTML/CSS;JavaScript;Python;SQL
4.0,"Associate degree (A.A., A.S., etc.)","Developer, mobile",100 to 499 employees,Viet Nam,18-24 years old,NOT PROVIDED,10000000.0,NOT PROVIDED,VND	Vietnamese dong,Bash/Shell (all shells);C++;Dart;HTML/CSS;Java;JavaScript;Kotlin;Swift;TypeScript
13.0,"Bachelor’s degree (B.A., B.S., B.Eng., etc.)","Developer, full-stack","1,000 to 4,999 employees",Viet Nam,25-34 years old,NOT PROVIDED,220000000.0,NOT PROVIDED,VND	Vietnamese dong,HTML/CSS;Java;JavaScript;Lisp;Python;SQL;TypeScript
14.0,"Bachelor’s degree (B.A., B.S., B.Eng., etc.)","Developer, front-end",20 to 99 employees,Viet Nam,25-34 years old,NOT PROVIDED,481000000.0,NOT PROVIDED,VND	Vietnamese dong,HTML/CSS;JavaScript;Python;TypeScript
12.0,Some college/university study without earning a degree,"Developer, front-end",100 to 499 employees,Viet Nam,25-34 years old,NOT PROVIDED,780000000.0,NOT PROVIDED,VND	Vietnamese dong,HTML/CSS;JavaScript;TypeScript
3.0,Some college/university study without earning a degree,"Developer, full-stack",20 to 99 employees,Viet Nam,25-34 years old,NOT PROVIDED,24000.0,NOT PROVIDED,USD	United States dollar,C;C++;HTML/CSS;Java;JavaScript;SQL;TypeScript
3.0,Some college/university study without earning a degree,"Developer, full-stack",20 to 99 employees,Viet Nam,18-24 years old,NOT PROVIDED,12000000.0,NOT PROVIDED,VND	Vietnamese dong,C#;C++;HTML/CSS;JavaScript;PHP;SQL;TypeScript
10.0,"Bachelor’s degree (B.A., B.S., B.Eng., etc.)",Designer,100 to 499 employees,Viet Nam,25-34 years old,NOT PROVIDED,400000000.0,NOT PROVIDED,VND	Vietnamese dong,C;C#;C++;HTML/CSS;JavaScript;Objective-C
10.0,"Bachelor’s degree (B.A., B.S., B.Eng., etc.)","Developer, back-end",100 to 499 employees,Viet Nam,25-34 years old,NOT PROVIDED,60000000.0,NOT PROVIDED,VND	Vietnamese dong,C#;JavaScript;PHP;TypeScript
7.0,"Bachelor’s degree (B.A., B.S., B.Eng., etc.)","Developer, full-stack","1,000 to 4,999 employees",Viet Nam,25-34 years old,NOT PROVIDED,650000000.0,NOT PROVIDED,VND	Vietnamese dong,Go;HTML/CSS;JavaScript;PHP
8.0,"Bachelor’s degree (B.A., B.S., B.Eng., etc.)","Developer, back-end","1,000 to 4,999 employees",Viet Nam,25-34 years old,NOT PROVIDED,12000.0,NOT PROVIDED,USD	United States dollar,Dart;HTML/CSS;Java;JavaScript;SQL;TypeScript
0.0,"Bachelor’s degree (B.A., B.S., B.Eng., etc.)","Developer, desktop or enterprise applications","10,000 or more employees",Viet Nam,18-24 years old,NOT PROVIDED,200000000.0,NOT PROVIDED,VND	Vietnamese dong,Java
8.0,"Bachelor’s degree (B.A., B.S., B.Eng., etc.)","Developer, full-stack",100 to 499 employees,Viet Nam,18-24 years old,NOT PROVIDED,350000000.0,NOT PROVIDED,VND	Vietnamese dong,Assembly;C;C#;Java;JavaScript;MATLAB;PowerShell;Python;R;SQL;TypeScript
5.0,"Bachelor’s degree (B.A., B.S., B.Eng., etc.)","Developer, full-stack",10 to 19 employees,Viet Nam,25-34 years old,NOT PROVIDED,900.0,NOT PROVIDED,VND	Vietnamese dong,HTML/CSS;JavaScript;PHP;TypeScript
5.0,"Bachelor’s degree (B.A., B.S., B.Eng., etc.)","Developer, full-stack",20 to 99 employees,Viet Nam,25-34 years old,NOT PROVIDED,330000000.0,NOT PROVIDED,VND	Vietnamese dong,C#;HTML/CSS;JavaScript;SQL;TypeScript
9.0,"Bachelor’s degree (B.A., B.S., B.Eng., etc.)","Developer, back-end",10 to 19 employees,Viet Nam,25-34 years old,NOT PROVIDED,400000000.0,NOT PROVIDED,VND	Vietnamese dong,Go;Python
8.0,"Bachelor’s degree (B.A., B.S., B.Eng., etc.)","Developer, full-stack",100 to 499 employees,Viet Nam,25-34 years old,NOT PROVIDED,383000000.0,NOT PROVIDED,VND	Vietnamese dong,C#;PowerShell;SQL;TypeScript
5.0,"Bachelor’s degree (B.A., B.S., B.Eng., etc.)",Data engineer,"1,000 to 4,999 employees",Viet Nam,18-24 years old,NOT PROVIDED,132000000.0,NOT PROVIDED,VND	Vietnamese dong,Python;Scala;SQL
8.0,"Bachelor’s degree (B.A., B.S., B.Eng., etc.)","Developer, full-stack",20 to 99 employees,Viet Nam,25-34 years old,NOT PROVIDED,25000000.0,NOT PROVIDED,VND	Vietnamese dong,Go;HTML/CSS;JavaScript;PHP;Python;SQL;TypeScript
5.0,"Bachelor’s degree (B.A., B.S., B.Eng., etc.)","Developer, back-end",10 to 19 employees,Viet Nam,18-24 years old,NOT PROVIDED,360000000.0,NOT PROVIDED,VND	Vietnamese dong,Bash/Shell (all shells);C;C#;C++;Dart;Go;HTML/CSS;Java;JavaScript;PHP;Python;Rust;Solidity;SQL;TypeScript;Zig
6.0,"Bachelor’s degree (B.A., B.S., B.Eng., etc.)","Developer, full-stack",100 to 499 employees,Viet Nam,25-34 years old,NOT PROVIDED,637536000.0,NOT PROVIDED,VND	Vietnamese dong,C#;JavaScript
10.0,"Bachelor’s degree (B.A., B.S., B.Eng., etc.)","Developer, back-end",20 to 99 employees,Viet Nam,18-24 years old,NOT PROVIDED,160000000.0,NOT PROVIDED,VND	Vietnamese dong,Dart;Go;PHP;Python;SQL;TypeScript
5.0,"Bachelor’s degree (B.A., B.S., B.Eng., etc.)","Developer, full-stack",20 to 99 employees,Viet Nam,18-24 years old,NOT PROVIDED,240000000.0,NOT PROVIDED,VND	Vietnamese dong,JavaScript
10.0,"Master’s degree (M.A., M.S., M.Eng., MBA, etc.)","Developer, full-stack",10 to 19 employees,Viet Nam,25-34 years old,NOT PROVIDED,180000000.0,NOT PROVIDED,VND	Vietnamese dong,Bash/Shell (all shells);HTML/CSS;Java;JavaScript;Objective-C;PHP;SQL
7.0,"Bachelor’s degree (B.A., B.S., B.Eng., etc.)","Developer, back-end",20 to 99 employees,Viet Nam,18-24 years old,NOT PROVIDED,208000000.0,NOT PROVIDED,VND	Vietnamese dong,Go;Python;Rust;SQL
7.0,"Bachelor’s degree (B.A., B.S., B.Eng., etc.)",DevOps specialist,20 to 99 employees,Viet Nam,18-24 years old,NOT PROVIDED,360000000.0,NOT PROVIDED,VND	Vietnamese dong,Bash/Shell (all shells);Groovy;Python
10.0,"Master’s degree (M.A., M.S., M.Eng., MBA, etc.)",Data engineer,"10,000 or more employees",Viet Nam,25-34 years old,NOT PROVIDED,13000.0,NOT PROVIDED,VND	Vietnamese dong,Bash/Shell (all shells);Python
15.0,"Bachelor’s degree (B.A., B.S., B.Eng., etc.)","Developer, mobile",100 to 499 employees,Viet Nam,25-34 years old,NOT PROVIDED,1600000000.0,NOT PROVIDED,VND	Vietnamese dong,C++;Dart;Java;Kotlin;Python;SQL;TypeScript
10.0,"Bachelor’s degree (B.A., B.S., B.Eng., etc.)",Security professional,"10,000 or more employees",Viet Nam,25-34 years old,NOT PROVIDED,300000000.0,NOT PROVIDED,VND	Vietnamese dong,Bash/Shell (all shells);JavaScript;PHP;PowerShell;Python;SQL;VBA
8.0,"Bachelor’s degree (B.A., B.S., B.Eng., etc.)","Developer, front-end",10 to 19 employees,Viet Nam,25-34 years old,NOT PROVIDED,360000000.0,NOT PROVIDED,VND	Vietnamese dong,HTML/CSS;JavaScript;TypeScript
6.0,"Bachelor’s degree (B.A., B.S., B.Eng., etc.)",System administrator,20 to 99 employees,Viet Nam,18-24 years old,NOT PROVIDED,200000000.0,NOT PROVIDED,VND	Vietnamese dong,Bash/Shell (all shells);C;HTML/CSS;Java;JavaScript;Lua;Python;R;SQL;Swift;TypeScript
9.0,"Bachelor’s degree (B.A., B.S., B.Eng., etc.)","Developer, back-end","1,000 to 4,999 employees",Viet Nam,25-34 years old,NOT PROVIDED,35000000.0,NOT PROVIDED,VND	Vietnamese dong,Java;Python;SQL
5.0,"Bachelor’s degree (B.A., B.S., B.Eng., etc.)","Developer, embedded applications or devices",20 to 99 employees,Viet Nam,18-24 years old,NOT PROVIDED,200000000.0,NOT PROVIDED,VND	Vietnamese dong,C
11.0,"Bachelor’s degree (B.A., B.S., B.Eng., etc.)",Data scientist or machine learning specialist,100 to 499 employees,Viet Nam,18-24 years old,NOT PROVIDED,230000000.0,NOT PROVIDED,VND	Vietnamese dong,Assembly;Bash/Shell (all shells);C;C#;C++;Java;JavaScript;PowerShell;Python;R;SQL;TypeScript
11.0,"Master’s degree (M.A., M.S., M.Eng., MBA, etc.)","Developer, back-end",100 to 499 employees,Viet Nam,25-34 years old,NOT PROVIDED,650000000.0,NOT PROVIDED,VND	Vietnamese dong,C;C++;MATLAB;Python
15.0,"Bachelor’s degree (B.A., B.S., B.Eng., etc.)","Developer, back-end",20 to 99 employees,Viet Nam,25-34 years old,NOT PROVIDED,52000.0,NOT PROVIDED,USD	United States dollar,Bash/Shell (all shells);Go
5.0,"Bachelor’s degree (B.A., B.S., B.Eng., etc.)","Developer, front-end",20 to 99 employees,Viet Nam,18-24 years old,NOT PROVIDED,120000000.0,NOT PROVIDED,VND	Vietnamese dong,Bash/Shell (all shells);C;C++;HTML/CSS;Java;JavaScript;PHP;Python;SQL;TypeScript
4.0,"Bachelor’s degree (B.A., B.S., B.Eng., etc.)","Developer, full-stack",20 to 99 employees,Viet Nam,18-24 years old,NOT PROVIDED,400000000.0,NOT PROVIDED,VND	Vietnamese dong,Bash/Shell (all shells);C;C++;JavaScript;MATLAB;Perl;Python
5.0,"Bachelor’s degree (B.A., B.S., B.Eng., etc.)",Academic researcher,10 to 19 employees,Viet Nam,18-24 years old,NOT PROVIDED,450000000.0,NOT PROVIDED,VND	Vietnamese dong,C++;JavaScript;Python
6.0,"Bachelor’s degree (B.A., B.S., B.Eng., etc.)","Developer, full-stack",10 to 19 employees,Viet Nam,18-24 years old,NOT PROVIDED,180000000.0,NOT PROVIDED,VND	Vietnamese dong,C#;JavaScript;SQL;TypeScript
5.0,"Bachelor’s degree (B.A., B.S., B.Eng., etc.)","Developer, back-end","1,000 to 4,999 employees",Viet Nam,18-24 years old,NOT PROVIDED,13000.0,NOT PROVIDED,USD	United States dollar,C#;JavaScript;SQL;TypeScript
14.0,"Bachelor’s degree (B.A., B.S., B.Eng., etc.)","Developer, full-stack",500 to 999 employees,Viet Nam,25-34 years old,NOT PROVIDED,1200000000.0,NOT PROVIDED,VND	Vietnamese dong,Java;JavaScript;Kotlin;Lua;Objective-C;Scala;Swift;TypeScript
6.0,"Bachelor’s degree (B.A., B.S., B.Eng., etc.)",Data or business analyst,20 to 99 employees,Viet Nam,25-34 years old,NOT PROVIDED,300000000.0,NOT PROVIDED,VND	Vietnamese dong,C#;HTML/CSS;JavaScript;Python;SQL
5.0,"Master’s degree (M.A., M.S., M.Eng., MBA, etc.)","Developer, back-end","10,000 or more employees",Viet Nam,25-34 years old,NOT PROVIDED,300000000.0,NOT PROVIDED,VND	Vietnamese dong,Java
11.0,"Bachelor’s degree (B.A., B.S., B.Eng., etc.)",Engineering manager,20 to 99 employees,Viet Nam,25-34 years old,NOT PROVIDED,1200000000.0,NOT PROVIDED,VND	Vietnamese dong,C;C#;C++;Java
10.0,"Bachelor’s degree (B.A., B.S., B.Eng., etc.)","Developer, back-end","10,000 or more employees",Viet Nam,25-34 years old,NOT PROVIDED,56500.0,NOT PROVIDED,USD	United States dollar,Assembly;C;C#;Go;Java;Kotlin;PowerShell
8.0,"Bachelor’s degree (B.A., B.S., B.Eng., etc.)","Developer, back-end",100 to 499 employees,Viet Nam,25-34 years old,NOT PROVIDED,500000.0,NOT PROVIDED,VND	Vietnamese dong,Bash/Shell (all shells);HTML/CSS;Java;JavaScript;Python;Ruby;Rust;SQL;TypeScript
3.0,"Bachelor’s degree (B.A., B.S., B.Eng., etc.)","Developer, back-end",100 to 499 employees,Viet Nam,18-24 years old,NOT PROVIDED,11500000.0,NOT PROVIDED,VND	Vietnamese dong,HTML/CSS;Java;JavaScript
9.0,"Bachelor’s degree (B.A., B.S., B.Eng., etc.)","Developer, full-stack",20 to 99 employees,Viet Nam,25-34 years old,NOT PROVIDED,300000000.0,NOT PROVIDED,VND	Vietnamese dong,HTML/CSS;Java;JavaScript;Rust
6.0,"Bachelor’s degree (B.A., B.S., B.Eng., etc.)","Developer, full-stack","5,000 to 9,999 employees",Viet Nam,25-34 years old,NOT PROVIDED,100000.0,NOT PROVIDED,EUR European Euro,C++;HTML/CSS;Java;JavaScript;PowerShell;Python;SQL;TypeScript
16.0,"Bachelor’s degree (B.A., B.S., B.Eng., etc.)",Blockchain,10 to 19 employees,Viet Nam,25-34 years old,NOT PROVIDED,96000.0,NOT PROVIDED,USD	United States dollar,Bash/Shell (all shells);C;C++;Dart;Go;Java;JavaScript;PHP;Python;Rust;SQL
10.0,"Bachelor’s degree (B.A., B.S., B.Eng., etc.)","Developer, full-stack",500 to 999 employees,Viet Nam,25-34 years old,NOT PROVIDED,500000000.0,NOT PROVIDED,VND	Vietnamese dong,C#;Go;JavaScript
9.0,"Master’s degree (M.A., M.S., M.Eng., MBA, etc.)","Developer, full-stack",10 to 19 employees,Viet Nam,25-34 years old,NOT PROVIDED,500000000.0,NOT PROVIDED,VND	Vietnamese dong,Bash/Shell (all shells);JavaScript;Python;Solidity
18.0,"Bachelor’s degree (B.A., B.S., B.Eng., etc.)","Developer, mobile",20 to 99 employees,Viet Nam,25-34 years old,NOT PROVIDED,840000000.0,NOT PROVIDED,VND	Vietnamese dong,Bash/Shell (all shells);C++;JavaScript;Objective-C;Ruby;Swift;TypeScript
8.0,"Bachelor’s degree (B.A., B.S., B.Eng., etc.)","Developer, back-end",10 to 19 employees,Viet Nam,18-24 years old,NOT PROVIDED,15000000.0,NOT PROVIDED,VND	Vietnamese dong,C;C#;C++;HTML/CSS;Java;JavaScript;PHP;Python;SQL;TypeScript
6.0,"Bachelor’s degree (B.A., B.S., B.Eng., etc.)","Developer, desktop or enterprise applications",100 to 499 employees,Viet Nam,18-24 years old,NOT PROVIDED,800000000.0,NOT PROVIDED,VND	Vietnamese dong,C++;Objective-C;Rust;Swift
12.0,"Bachelor’s degree (B.A., B.S., B.Eng., etc.)","Developer, back-end",20 to 99 employees,Viet Nam,25-34 years old,NOT PROVIDED,900000000.0,NOT PROVIDED,VND	Vietnamese dong,Groovy;Java;Python;SQL
5.0,Some college/university study without earning a degree,"Developer, full-stack",100 to 499 employees,Viet Nam,25-34 years old,NOT PROVIDED,300000000.0,NOT PROVIDED,VND	Vietnamese dong,HTML/CSS;JavaScript;PHP;PowerShell;SQL;TypeScript
10.0,"Bachelor’s degree (B.A., B.S., B.Eng., etc.)","Developer, front-end","5,000 to 9,999 employees",Viet Nam,25-34 years old,NOT PROVIDED,870000000.0,NOT PROVIDED,VND	Vietnamese dong,JavaScript
5.0,"Bachelor’s degree (B.A., B.S., B.Eng., etc.)","Developer, game or graphics",20 to 99 employees,Viet Nam,25-34 years old,NOT PROVIDED,144000000.0,NOT PROVIDED,VND	Vietnamese dong,C#
12.0,"Bachelor’s degree (B.A., B.S., B.Eng., etc.)","Developer, full-stack","1,000 to 4,999 employees",Viet Nam,25-34 years old,NOT PROVIDED,190000000.0,NOT PROVIDED,VND	Vietnamese dong,C#;HTML/CSS;JavaScript;SQL;TypeScript
5.0,"Bachelor’s degree (B.A., B.S., B.Eng., etc.)","Developer, back-end","5,000 to 9,999 employees",Viet Nam,25-34 years old,NOT PROVIDED,195000000.0,NOT PROVIDED,VND	Vietnamese dong,C;Groovy;HTML/CSS;Java;JavaScript;MATLAB;PowerShell;Python;SQL;VBA
10.0,"Bachelor’s degree (B.A., B.S., B.Eng., etc.)","Developer, mobile",10 to 19 employees,Viet Nam,25-34 years old,NOT PROVIDED,429000000.0,NOT PROVIDED,VND	Vietnamese dong,Dart;Swift
8.0,"Bachelor’s degree (B.A., B.S., B.Eng., etc.)","Developer, front-end",20 to 99 employees,Viet Nam,18-24 years old,NOT PROVIDED,120000000.0,NOT PROVIDED,VND	Vietnamese dong,HTML/CSS;Java;TypeScript
6.0,"Bachelor’s degree (B.A., B.S., B.Eng., etc.)","Developer, back-end",20 to 99 employees,Viet Nam,18-24 years old,NOT PROVIDED,204000000.0,NOT PROVIDED,VND	Vietnamese dong,JavaScript
4.0,Some college/university study without earning a degree,"Developer, back-end",100 to 499 employees,Viet Nam,18-24 years old,NOT PROVIDED,20000000.0,NOT PROVIDED,VND	Vietnamese dong,HTML/CSS;Java;JavaScript;Kotlin;MATLAB;Python;SQL
6.0,"Bachelor’s degree (B.A., B.S., B.Eng., etc.)","Developer, embedded applications or devices",10 to 19 employees,Viet Nam,25-34 years old,NOT PROVIDED,480000000.0,NOT PROVIDED,VND	Vietnamese dong,Assembly;Bash/Shell (all shells);C;C#;C++;HTML/CSS;JavaScript;Python;VBA
10.0,"Bachelor’s degree (B.A., B.S., B.Eng., etc.)","Developer, full-stack",100 to 499 employees,Viet Nam,25-34 years old,NOT PROVIDED,350000000.0,NOT PROVIDED,VND	Vietnamese dong,HTML/CSS;Java;JavaScript;TypeScript
7.0,"Bachelor’s degree (B.A., B.S., B.Eng., etc.)","Developer, back-end","1,000 to 4,999 employees",Viet Nam,18-24 years old,NOT PROVIDED,200000000.0,NOT PROVIDED,VND	Vietnamese dong,C#;Dart;GDScript;SQL;TypeScript
12.0,Some college/university study without earning a degree,"Developer, full-stack",10 to 19 employees,Viet Nam,35-44 years old,NOT PROVIDED,400000000.0,NOT PROVIDED,VND	Vietnamese dong,C#;SQL;VBA
7.0,"Bachelor’s degree (B.A., B.S., B.Eng., etc.)","Developer, full-stack",Less than 20 employees,Viet Nam,25-34 years old,NOT PROVIDED,365389970.0,NOT PROVIDED,VND	Vietnamese dong,HTML/CSS;JavaScript;PHP;Python;SQL;TypeScript
17.0,"Associate degree (A.A., A.S., etc.)","Developer, front-end",Less than 20 employees,Viet Nam,25-34 years old,NOT PROVIDED,26000.0,NOT PROVIDED,VND	Vietnamese dong,Bash/Shell (all shells);HTML/CSS;JavaScript;Python;TypeScript
2.0,"Secondary school (e.g. American high school, German Realschule or Gymnasium, etc.)","Developer, desktop or enterprise applications",100 to 499 employees,Viet Nam,25-34 years old,NOT PROVIDED,170000000.0,NOT PROVIDED,VND	Vietnamese dong,Bash/Shell (all shells);C#;HTML/CSS;JavaScript;TypeScript
4.0,"Bachelor’s degree (B.A., B.S., B.Eng., etc.)",Cloud infrastructure engineer,20 to 99 employees,Viet Nam,25-34 years old,NOT PROVIDED,585000000.0,NOT PROVIDED,VND	Vietnamese dong,Bash/Shell (all shells);JavaScript;MATLAB;Python;SQL;TypeScript
6.0,"Bachelor’s degree (B.A., B.S., B.Eng., etc.)",AI/ML engineer,20 to 99 employees,Viet Nam,25-34 years old,NOT PROVIDED,300000000.0,NOT PROVIDED,VND	Vietnamese dong,C++;Python
8.0,"Bachelor’s degree (B.A., B.S., B.Eng., etc.)","Architect, software or solutions",Less than 20 employees,Viet Nam,25-34 years old,NOT PROVIDED,300000000.0,NOT PROVIDED,VND	Vietnamese dong,HTML/CSS;JavaScript;Python;SQL;TypeScript
3.0,"Bachelor’s degree (B.A., B.S., B.Eng., etc.)","Developer, front-end",20 to 99 employees,Viet Nam,18-24 years old,NOT PROVIDED,14400000.0,NOT PROVIDED,VND	Vietnamese dong,Go;HTML/CSS;Java;JavaScript;Lua;Python
10.0,"Bachelor’s degree (B.A., B.S., B.Eng., etc.)","Developer, full-stack",20 to 99 employees,Viet Nam,25-34 years old,NOT PROVIDED,200000000.0,NOT PROVIDED,VND	Vietnamese dong,HTML/CSS;JavaScript;SQL;TypeScript
9.0,"Bachelor’s degree (B.A., B.S., B.Eng., etc.)","Architect, software or solutions",20 to 99 employees,Viet Nam,18-24 years old,NOT PROVIDED,300000000.0,NOT PROVIDED,VND	Vietnamese dong,Bash/Shell (all shells);HTML/CSS;Lua;Rust;SQL;TypeScript
5.0,"Bachelor’s degree (B.A., B.S., B.Eng., etc.)","Developer, front-end",100 to 499 employees,Viet Nam,18-24 years old,NOT PROVIDED,216000000.0,NOT PROVIDED,VND	Vietnamese dong,Bash/Shell (all shells);HTML/CSS;PowerShell;Python;SQL;TypeScript
8.0,"Bachelor’s degree (B.A., B.S., B.Eng., etc.)","Architect, software or solutions","1,000 to 4,999 employees",Viet Nam,25-34 years old,NOT PROVIDED,780000000.0,NOT PROVIDED,VND	Vietnamese dong,Bash/Shell (all shells);HTML/CSS;JavaScript;PowerShell;Python;SQL;TypeScript
9.0,"Bachelor’s degree (B.A., B.S., B.Eng., etc.)","Developer, full-stack",500 to 999 employees,Viet Nam,25-34 years old,NOT PROVIDED,350000000.0,NOT PROVIDED,VND	Vietnamese dong,C#;HTML/CSS;SQL;TypeScript
10.0,Some college/university study without earning a degree,"Developer, full-stack","1,000 to 4,999 employees",Viet Nam,35-44 years old,NOT PROVIDED,400000000.0,NOT PROVIDED,VND	Vietnamese dong,C#;C++;Dart;Java;JavaScript;Python;SQL;VBA
8.0,"Bachelor’s degree (B.A., B.S., B.Eng., etc.)",Support engineer or analyst,"1,000 to 4,999 employees",Viet Nam,25-34 years old,NOT PROVIDED,300000000.0,NOT PROVIDED,VND	Vietnamese dong,
16.0,"Bachelor’s degree (B.A., B.S., B.Eng., etc.)","Architect, software or solutions",Less than 20 employees,Viet Nam,35-44 years old,NOT PROVIDED,720000000.0,NOT PROVIDED,VND	Vietnamese dong,Elixir;HTML/CSS;JavaScript;Lisp;TypeScript
5.0,"Bachelor’s degree (B.A., B.S., B.Eng., etc.)","Developer, mobile",100 to 499 employees,Viet Nam,18-24 years old,NOT PROVIDED,300000000.0,NOT PROVIDED,VND	Vietnamese dong,Bash/Shell (all shells);C;C#;C++;Go;Groovy;HTML/CSS;Java;JavaScript;Kotlin
17.0,"Bachelor’s degree (B.A., B.S., B.Eng., etc.)",DevOps engineer or professional,Less than 20 employees,Viet Nam,35-44 years old,NOT PROVIDED,700000.0,NOT PROVIDED,VND	Vietnamese dong,Ada;Bash/Shell (all shells);HTML/CSS;JavaScript;PHP;SQL
2.0,"Bachelor’s degree (B.A., B.S., B.Eng., etc.)","Developer, back-end",500 to 999 employees,Viet Nam,18-24 years old,NOT PROVIDED,400000.0,NOT PROVIDED,VND	Vietnamese dong,Bash/Shell (all shells);C;C#;C++;HTML/CSS;Java;JavaScript;PHP;Python;SQL;TypeScript
8.0,"Bachelor’s degree (B.A., B.S., B.Eng., etc.)","Developer, full-stack","1,000 to 4,999 employees",Viet Nam,25-34 years old,NOT PROVIDED,250000000.0,NOT PROVIDED,VND	Vietnamese dong,C#;Go;HTML/CSS;Java;JavaScript;Kotlin;Perl;PHP;Python;SQL;TypeScript
7.0,"Bachelor’s degree (B.A., B.S., B.Eng., etc.)","Developer, full-stack",20 to 99 employees,Viet Nam,25-34 years old,NOT PROVIDED,12000000.0,NOT PROVIDED,VND	Vietnamese dong,HTML/CSS;JavaScript;SQL;TypeScript
0.0,"Bachelor’s degree (B.A., B.S., B.Eng., etc.)","Developer, back-end",100 to 499 employees,Viet Nam,25-34 years old,NOT PROVIDED,40000000.0,NOT PROVIDED,VND	Vietnamese dong,
13.0,"Bachelor’s degree (B.A., B.S., B.Eng., etc.)","Developer, full-stack",20 to 99 employees,Viet Nam,18-24 years old,NOT PROVIDED,216000000.0,NOT PROVIDED,VND	Vietnamese dong,HTML/CSS;JavaScript;PHP;Python;SQL
5.0,"Associate degree (A.A., A.S., etc.)","Developer, full-stack",500 to 999 employees,Viet Nam,18-24 years old,NOT PROVIDED,7000000.0,NOT PROVIDED,VND	Vietnamese dong,C#;HTML/CSS;JavaScript;Python;SQL;TypeScript
5.0,"Bachelor’s degree (B.A., B.S., B.Eng., etc.)",Cybersecurity or InfoSec professional,"10,000 or more employees",Viet Nam,18-24 years old,NOT PROVIDED,120000000.0,NOT PROVIDED,VND	Vietnamese dong,Assembly;Bash/Shell (all shells);C;C++;HTML/CSS;JavaScript;Python;SQL
3.0,"Bachelor’s degree (B.A., B.S., B.Eng., etc.)",AI/ML engineer,20 to 99 employees,Viet Nam,18-24 years old,NOT PROVIDED,2000000.0,NOT PROVIDED,VND	Vietnamese dong,C++;HTML/CSS;Python;R;SQL
5.0,Some college/university study without earning a degree,"Developer, front-end",20 to 99 employees,Viet Nam,35-44 years old,NOT PROVIDED,10000000.0,NOT PROVIDED,VND	Vietnamese dong,Ada;Assembly;Bash/Shell (all shells);HTML/CSS;JavaScript;PHP;SQL
7.0,"Bachelor’s degree (B.A., B.S., B.Eng., etc.)",AI/ML engineer,Less than 20 employees,Viet Nam,25-34 years old,NOT PROVIDED,81600000.0,NOT PROVIDED,VND	Vietnamese dong,Python;SQL
6.0,"Bachelor’s degree (B.A., B.S., B.Eng., etc.)","Developer, full-stack","1,000 to 4,999 employees",Viet Nam,25-34 years old,NOT PROVIDED,15000000.0,NOT PROVIDED,VND	Vietnamese dong,Bash/Shell (all shells);C#;HTML/CSS;JavaScript;PowerShell;Python;SQL;TypeScript;Visual Basic (.Net)
4.0,"Master’s degree (M.A., M.S., M.Eng., MBA, etc.)","Developer, QA or test","1,000 to 4,999 employees",Viet Nam,25-34 years old,NOT PROVIDED,200000000.0,NOT PROVIDED,VND	Vietnamese dong,JavaScript;Python;TypeScript
11.0,"Bachelor’s degree (B.A., B.S., B.Eng., etc.)","Developer, embedded applications or devices",20 to 99 employees,Viet Nam,25-34 years old,NOT PROVIDED,550000000.0,NOT PROVIDED,VND	Vietnamese dong,C;C#;C++;Python
2.0,"Bachelor’s degree (B.A., B.S., B.Eng., etc.)",Data or business analyst,"1,000 to 4,999 employees",Viet Nam,25-34 years old,NOT PROVIDED,200000000.0,NOT PROVIDED,VND	Vietnamese dong,SQL
7.0,"Bachelor’s degree (B.A., B.S., B.Eng., etc.)","Developer, full-stack",20 to 99 employees,Viet Nam,35-44 years old,NOT PROVIDED,30.0,NOT PROVIDED,USD United States dollar,C++;Dart;Go;HTML/CSS;JavaScript;Python;SQL;Swift;TypeScript
18.0,"Master’s degree (M.A., M.S., M.Eng., MBA, etc.)","Developer, mobile",20 to 99 employees,Viet Nam,35-44 years old,NOT PROVIDED,1131000000.0,NOT PROVIDED,VND	Vietnamese dong,JavaScript;Swift;TypeScript
5.0,"Bachelor’s degree (B.A., B.S., B.Eng., etc.)","Developer, mobile",20 to 99 employees,Viet Nam,18-24 years old,NOT PROVIDED,102000000.0,NOT PROVIDED,VND	Vietnamese dong,Java;Kotlin
3.0,Some college/university study without earning a degree,"Developer, full-stack","1,000 to 4,999 employees",Viet Nam,25-34 years old,NOT PROVIDED,10.0,NOT PROVIDED,VND	Vietnamese dong,
6.0,"Bachelor’s degree (B.A., B.S., B.Eng., etc.)","Developer, full-stack",20 to 99 employees,Viet Nam,25-34 years old,NOT PROVIDED,260000000.0,NOT PROVIDED,VND	Vietnamese dong,Bash/Shell (all shells);C;Erlang;Groovy;HTML/CSS;Java;JavaScript;Lua;MATLAB;PHP;PowerShell;Python;SQL;TypeScript
11.0,"Bachelor’s degree (B.A., B.S., B.Eng., etc.)","Developer, embedded applications or devices",Less than 20 employees,Viet Nam,25-34 years old,NOT PROVIDED,432000000.0,NOT PROVIDED,VND	Vietnamese dong,Assembly;Bash/Shell (all shells);C;C++;HTML/CSS;Java;JavaScript;Lua;Python
7.0,"Bachelor’s degree (B.A., B.S., B.Eng., etc.)","Developer, back-end",500 to 999 employees,Viet Nam,25-34 years old,NOT PROVIDED,650000000.0,NOT PROVIDED,VND	Vietnamese dong,HTML/CSS;JavaScript;PHP;SQL
5.0,"Associate degree (A.A., A.S., etc.)","Developer, full-stack",100 to 499 employees,Viet Nam,18-24 years old,NOT PROVIDED,220000000.0,NOT PROVIDED,VND	Vietnamese dong,HTML/CSS;Java;JavaScript;Rust;SQL;TypeScript
5.0,"Bachelor’s degree (B.A., B.S., B.Eng., etc.)",Data scientist,100 to 499 employees,Viet Nam,18-24 years old,NOT PROVIDED,240000000.0,NOT PROVIDED,VND	Vietnamese dong,
7.0,"Bachelor’s degree (B.A., B.S., B.Eng., etc.)","Developer, back-end",Less than 20 employees,Viet Nam,18-24 years old,NOT PROVIDED,300000.0,NOT PROVIDED,VND	Vietnamese dong,
7.0,"Bachelor’s degree (B.A., B.S., B.Eng., etc.)","Developer, back-end",20 to 99 employees,Viet Nam,25-34 years old,NOT PROVIDED,20000000.0,NOT PROVIDED,VND	Vietnamese dong,HTML/CSS;JavaScript;TypeScript
100.0,"Master’s degree (M.A., M.S., M.Eng., MBA, etc.)",Cloud infrastructure engineer,"10,000 or more employees",Viet Nam,25-34 years old,NOT PROVIDED,100.0,NOT PROVIDED,VND	Vietnamese dong,Ada;Assembly;Bash/Shell (all shells);C;C#;C++;COBOL;Dart;Delphi;Elixir;Erlang;F#;Fortran;GDScript;Go;Groovy;HTML/CSS;Java;JavaScript;Kotlin;Lua;MATLAB;MicroPython;Perl
